StartDate,EndDate,Status,IPAddress,Progress,Duration (in seconds),Finished,RecordedDate,ResponseId,RecipientLastName,RecipientFirstName,RecipientEmail,ExternalReference,LocationLatitude,LocationLongitude,DistributionChannel,UserLanguage,consent,calibrate_poss_1,calibrate_poss_2,calibrate_norm_1,calibrate_norm_2,check_group_berry,possibility_change,normativity_fc,normativity_notOkay,normativity_okay,intervention,intervention_coded,intervention_diff,check_group,check_berry,check_task,age,gender,gender_4_TEXT,race,race_15_TEXT,education,ses,debrief_1,debrief_2,debrief_3,condition
Start Date,End Date,Response Type,IP Address,Progress,Duration (in seconds),Finished,Recorded Date,Response ID,Recipient Last Name,Recipient First Name,Recipient Email,External Data Reference,Location Latitude,Location Longitude,Distribution Channel,User Language,"STUDY TITLE: Comparison processing in children

 

PROTOCOL DIRECTOR:  Marianna Zhang

 

DESCRIPTION:  You are invited to participate in a research study on language and social categories. You will be asked to read short sentences, read short excerpts from children’s books, answer short questions, produce or select sentences, rate items on various traits, or produce descriptions of items. You may see material intended for children – we are interested in how adults think about the same material. The purpose of this research is to understand the cognitive processes underlying language and social categorization. 

 

TIME INVOLVEMENT:  Your participation will take approximately 3-5 minutes.

 

RISKS AND BENEFITS:  There are no risks associated with this study.  No benefits may reasonably be expected to result from this study. We cannot and do not guarantee or promise that you will receive any benefits from this study.

 

PAYMENTS:  You will receive $0.66 through Amazon Payments as payment for your participation.

 

SUBJECT'S RIGHTS:  If you have read this form and have decided to participate in this project, please understand your participation is voluntary and you have the right to withdraw your consent or discontinue participation at any time without penalty or loss of benefits to which you are otherwise entitled.  The alternative is not to participate.  You have the right to refuse to answer particular questions.  Your individual privacy will be maintained in all published and written data resulting from the study.  No personally identifying information is ever revealed to the researchers.

 

CONTACT INFORMATION:

Questions:  If you have any questions, concerns or complaints about this research, its procedures, risks and benefits, contact the Protocol Director, Marianna Zhang, at stanford.markman.lab@gmail.com.

 

Independent Contact:  If you are not satisfied with how this study is being conducted, or if you have any concerns, complaints, or general questions about the research or your rights as a participant, please contact the Stanford Institutional Review Board (IRB) to speak to someone independent of the research team at (650) 723-2480 or toll free at 1-866-680-2906.  You can also write to the Stanford IRB, Stanford University, 3000 El Camino Real, Five Palo Alto Square, 4th Floor, Palo Alto, CA 94306.

 

Please print a copy of this page for your records.

 

If you agree to participate in this research, please complete and submit the following questionnaire.",Can people shower in the morning instead of at night?,Can people walk through walls?,"Is
it okay or not okay if someone steals money from their friend?","Is
it okay or not okay if someone gives their friend a gift?",Which group usually eats okinberries?,"Can Zarpies also eat okinberries?

       ?","Look, here’s a Zarpie who eats okinberries.





Is it okay or not okay for this Zarpie to eat okinberries?","Is it a little bad, pretty bad, or very, very bad?","Is it a little good, pretty good, or very, very good?","If you could make anything happen, what would you do, so that the Zarpies can eat okinberries? Please list at least 1 specific action you would do.",,"How easy or difficult would it be to do the action you suggested above? If you suggested more than one action, just rate the first action you listed.","In this task, what groups were mentioned? Check all groups mentioned.","In this task, what berries were mentioned? Check all berries mentioned.",This task involved:,How old are you? Please enter your age in years:,How would you describe your gender identity? - Selected Choice,"How would you describe your gender identity? - Prefer to self-describe, please specify: - Text",How would you describe your racial or ethnic identity? - Selected Choice,"How would you describe your racial or ethnic identity? - Some other racial/ethnic identity, please specify: - Text",What is the highest level of education you have completed?,Which social class group do you identify with?,"We are still testing and making changes to this task, so we would appreciate any feedback below! (optional) - Did you have any problems with this survey? Was anything confusing?","We are still testing and making changes to this task, so we would appreciate any feedback below! (optional) - Would you suggest any changes to improve this survey?","We are still testing and making changes to this task, so we would appreciate any feedback below! (optional) - What do you think this study is about?",condition
"{""ImportId"":""startDate"",""timeZone"":""America/Los_Angeles""}","{""ImportId"":""endDate"",""timeZone"":""America/Los_Angeles""}","{""ImportId"":""status""}","{""ImportId"":""ipAddress""}","{""ImportId"":""progress""}","{""ImportId"":""duration""}","{""ImportId"":""finished""}","{""ImportId"":""recordedDate"",""timeZone"":""America/Los_Angeles""}","{""ImportId"":""_recordId""}","{""ImportId"":""recipientLastName""}","{""ImportId"":""recipientFirstName""}","{""ImportId"":""recipientEmail""}","{""ImportId"":""externalDataReference""}","{""ImportId"":""locationLatitude""}","{""ImportId"":""locationLongitude""}","{""ImportId"":""distributionChannel""}","{""ImportId"":""userLanguage""}","{""ImportId"":""QID64""}","{""ImportId"":""QID89""}","{""ImportId"":""QID88""}","{""ImportId"":""QID91""}","{""ImportId"":""QID92""}","{""ImportId"":""QID105""}","{""ImportId"":""QID93""}","{""ImportId"":""QID44""}","{""ImportId"":""QID103""}","{""ImportId"":""QID104""}","{""ImportId"":""QID85_TEXT""}",,"{""ImportId"":""QID112""}","{""ImportId"":""QID74""}","{""ImportId"":""QID87""}","{""ImportId"":""QID67""}","{""ImportId"":""QID68_TEXT""}","{""ImportId"":""QID69""}","{""ImportId"":""QID69_4_TEXT""}","{""ImportId"":""QID70""}","{""ImportId"":""QID70_15_TEXT""}","{""ImportId"":""QID71""}","{""ImportId"":""QID86""}","{""ImportId"":""QID72_1""}","{""ImportId"":""QID72_2""}","{""ImportId"":""QID72_3""}","{""ImportId"":""condition""}"
10/12/2020 9:24,10/12/2020 9:26,IP Address,72.185.190.207,100,97,TRUE,10/12/2020 9:26,R_3q9ldoyUCKGbduP,,,,,28.21369934,-82.68090057,anonymous,EN,I do consent to participate,Yes,No,Not okay,Okay,"

Vawns",Maybe yes,Okay,,Pretty good,have them share with the varns,acquire okinberries,Somewhat easy,"Zarpies,Vawns","Pogoberries,Okinberries",Learning about Zarpies and answering questions about them,47,Male,,White/European American,,"Bachelor's (B.A., B.S.)",Some college,none,none,not sure,structural
10/12/2020 9:24,10/12/2020 9:27,IP Address,99.130.151.189,100,126,TRUE,10/12/2020 9:27,R_OuRy48eg8peAAhz,,,,,35.71090698,-78.65940094,anonymous,EN,I do consent to participate,Yes,No,Not okay,Okay,"

Vawns",For sure no,Not okay,"Very, very bad",,Make them not alllergic to okinberries.,modify Zarpies biology,Very difficult,"Zarpies,Vawns","Pogoberries,Okinberries",Learning about Zarpies and answering questions about them,46,Female,,Black/African American,,"Bachelor's (B.A., B.S.)",Some college,no.,nothing.,A story of two monsters on a planet.,internalist_biological
10/12/2020 9:24,10/12/2020 9:27,IP Address,99.155.202.109,100,138,TRUE,10/12/2020 9:27,R_1F56CuOXM9Ixl84,,,,,33.15550232,-96.49810028,anonymous,EN,I do consent to participate,Yes,No,Not okay,Okay,"

Vawns",Maybe no,Not okay,A little bad,,Tell them nothing bad will happen if they eat the berries,modify Zarpies beliefs/culture,Somewhat easy,"Zarpies,Vawns","Pogoberries,Okinberries",Learning about Zarpies and answering questions about them,45,Female,,White/European American,,"Bachelor's (B.A., B.S.)",Some college,no issues,no suggestions,literally being able or not able to do something and if it's okay if you change habits,internalist_cultural
10/12/2020 9:25,10/12/2020 9:27,IP Address,108.254.224.255,100,146,TRUE,10/12/2020 9:27,R_xD6owDkZjXQeRNf,,,,,34.6322937,-89.88549805,anonymous,EN,I do consent to participate,Yes,No,Not okay,Okay,"

Vawns",For sure no,Not okay,Pretty bad,,Convert the okinberries to pogoberries,modify okinberries,Very difficult,"Zarpies,Vawns","Pogoberries,Okinberries",Learning about Zarpies and answering questions about them,30,Female,,White/European American,,Some college,High school/GED,No,No,I'm not sure,internalist_biological
10/12/2020 9:25,10/12/2020 9:27,IP Address,108.64.75.194,100,160,TRUE,10/12/2020 9:27,R_1odpoXFBR28BIt4,,,,,38.06629944,-122.1654968,anonymous,EN,I do consent to participate,Yes,No,Not okay,Okay,"

Vawns",For sure no,Not okay,"Very, very bad",,I would make the okinberries give good luck.,modify Zarpies beliefs/culture,Somewhat difficult,"Zarpies,Glerks","Pogoberries,Okinberries",Learning about Zarpies and answering questions about them,37,Female,,White/European American,,"Bachelor's (B.A., B.S.)",Some college,no,no,no,internalist_cultural
10/12/2020 9:25,10/12/2020 9:28,IP Address,73.26.185.245,100,185,TRUE,10/12/2020 9:28,R_3NDlBjf11TdhPGv,,,,,32.28790283,-106.7591019,anonymous,EN,I do consent to participate,Yes,No,Not okay,Okay,"

Vawns",For sure no,Okay,,Pretty good,I would ask if the Vawns can send some okinberries,acquire okinberries,Somewhat difficult,"Zarpies,Vawns","Pogoberries,Okinberries",Learning about Zarpies and answering questions about them,57,Female,,White/European American,,"Master's (M.A., M.S.)",High school/GED,No problems,I can't think of changes,Teaching children to reason,structural
10/12/2020 9:25,10/12/2020 9:28,IP Address,98.192.156.105,100,188,TRUE,10/12/2020 9:28,R_2CPcbk6fKzEbdsF,,,,,30.54020691,-84.14459991,anonymous,EN,I do consent to participate,Yes,No,Not okay,Okay,"

Vawns",For sure no,Not okay,"Very, very bad",,Change the color,modify okinberries,Very difficult,"Zarpies,Vawns","Pogoberries,Okinberries",Learning about Zarpies and answering questions about them,43,Female,,"White/European American,Black/African American,Asian/Asian American",,Some college,Some college,,,,internalist_biological
10/12/2020 9:25,10/12/2020 9:28,IP Address,73.152.56.226,100,161,TRUE,10/12/2020 9:28,R_1lnMG6gF3qIDQ28,,,,,37.51469421,-77.50340271,anonymous,EN,I do consent to participate,Yes,No,Not okay,Okay,"

Vawns",For sure no,Not okay,"Very, very bad",,too far away,other,Very difficult,Zarpies,Pogoberries,Learning about Zarpies and answering questions about them,34,Male,,"White/European American,Black/African American",,"Bachelor's (B.A., B.S.)",Some college,no,no,how we view foofd and what peopel eat,structural
10/12/2020 9:26,10/12/2020 9:28,IP Address,66.116.6.246,100,130,TRUE,10/12/2020 9:28,R_3JrC3PZoiGlvl3K,,,,,39.479599,-88.37550354,anonymous,EN,I do consent to participate,Yes,No,Not okay,Okay,"

Zarpies",Maybe yes,Okay,,A little good,plant berries near them,acquire okinberries,Very difficult,"Zarpies,Vawns","Pogoberries,Okinberries",Learning about Zarpies and answering questions about them,38,Male,,White/European American,,"Master's (M.A., M.S.)",High school/GED,N/A,N/A,I don't know.,structural
10/12/2020 9:25,10/12/2020 9:28,IP Address,70.175.95.203,100,213,TRUE,10/12/2020 9:28,R_3O0LqeagVjzkuLm,,,,,33.61940002,-111.9555969,anonymous,EN,I do consent to participate,Yes,No,Not okay,Okay,"

Vawns",For sure no,Not okay,"Very, very bad",,do a magic spell that allows them to eat okinberries,ambiguous,Somewhat easy,"Zarpies,Vawns","Pogoberries,Okinberries",Learning about Zarpies and answering questions about them,52,Female,,White/European American,,High school/GED,Some college,,,,internalist_cultural
10/12/2020 9:26,10/12/2020 9:28,IP Address,173.242.129.193,100,152,TRUE,10/12/2020 9:28,R_3n1y1WQPXIKfpjG,,,,,37.75250244,-85.99539948,anonymous,EN,I do consent to participate,Yes,No,Not okay,Okay,"

Vawns",For sure no,Not okay,"Very, very bad",,Make it to where the okinberries don't make the Zarpies sick,ambiguous,Somewhat difficult,"Zarpies,Vawns",Okinberries,Learning about Zarpies and answering questions about them,40,Male,,White/European American,,"Bachelor's (B.A., B.S.)",High school/GED,,,,internalist_biological
10/12/2020 9:25,10/12/2020 9:28,IP Address,50.45.187.140,100,199,TRUE,10/12/2020 9:28,R_AtG9o9he0DB9qbT,,,,,45.53970337,-122.9637985,anonymous,EN,I do consent to participate,Yes,No,Not okay,Okay,"

Vawns",Maybe yes,Okay,,Pretty good,live on other side of planet,acquire okinberries,Somewhat easy,"Zarpies,Vawns","Pogoberries,Okinberries",Learning about Zarpies and answering questions about them,26,Female,,White/European American,,"Bachelor's (B.A., B.S.)",Some college,no,no issues,story retention,internalist_biological
10/12/2020 9:25,10/12/2020 9:29,IP Address,65.114.124.139,100,249,TRUE,10/12/2020 9:29,R_3RgU8PdzWfckeUu,,,,,36.60890198,-88.30310059,anonymous,EN,I do consent to participate,Yes,No,Not okay,Okay,"

Vawns",For sure no,Not okay,Pretty bad,,I would modify the okinberries genetically so that they don't have the components that make the Zarpies sick.,modify okinberries,Very difficult,"Zarpies,Vawns","Pogoberries,Okinberries",Learning about Zarpies and answering questions about them,38,Male,,White/European American,,"Bachelor's (B.A., B.S.)",High school/GED,No problems here.,I can't think of any improvements.,I'm not sure.,internalist_biological
10/12/2020 9:24,10/12/2020 9:29,IP Address,69.126.59.252,100,268,TRUE,10/12/2020 9:29,R_5jRaC6CANt8S1B7,,,,,40.80180359,-72.86750031,anonymous,EN,I do consent to participate,Yes,No,Not okay,Okay,"

Vawns",For sure no,Not okay,A little bad,,Invent a potion they can take so it would be safe for them to eat oikenberries.,modify Zarpies biology,Very difficult,"Zarpies,Vawns","Pogoberries,Okinberries",Learning about Zarpies and answering questions about them,34,Female,,White/European American,,"Bachelor's (B.A., B.S.)",Some college,,,,structural
10/12/2020 9:25,10/12/2020 9:29,IP Address,104.5.21.103,100,242,TRUE,10/12/2020 9:29,R_3EcdbuM3XowDwAw,,,,,41.62269592,-86.24520111,anonymous,EN,I do consent to participate,Yes,No,Not okay,Okay,"

Vawns",For sure no,Not okay,"Very, very bad",,treat the okinberries so that they are safe to eat by all,modify okinberries,Somewhat difficult,"Zarpies,Vawns","Pogoberries,Okinberries",Learning about Zarpies and answering questions about them,42,Female,,White/European American,,"Master's (M.A., M.S.)",Some college,no,na,critical thinking,internalist_biological
10/12/2020 9:25,10/12/2020 9:29,IP Address,173.47.106.14,100,247,TRUE,10/12/2020 9:29,R_3D8A6ucY75EG6Fj,,,,,34.64840698,-99.32050323,anonymous,EN,I do consent to participate,Yes,No,Not okay,Okay,"

Vawns",For sure no,Not okay,Pretty bad,,change their thoughts on them,modify Zarpies beliefs/culture,Somewhat difficult,"Zarpies,Vawns","Pogoberries,Okinberries",Learning about Zarpies and answering questions about them,22,Female,,White/European American,,High school/GED,Less than high school,no,n/a,How we perceive minimal information,internalist_cultural
10/12/2020 9:24,10/12/2020 9:29,IP Address,68.102.182.181,100,304,TRUE,10/12/2020 9:29,R_3nNuR0x2fnDMlZb,,,,,38.37460327,-97.67299652,anonymous,EN,I do consent to participate,Yes,No,Not okay,Okay,"

Vawns",For sure no,Not okay,"Very, very bad",,Let them know that it isn't wrong or bad luck for them to eat okinberries,modify Zarpies beliefs/culture,Very difficult,"Zarpies,Vawns","Pogoberries,Okinberries",Learning about Zarpies and answering questions about them,37,Female,,White/European American,,Some college,Less than high school,,,,internalist_cultural
10/12/2020 9:24,10/12/2020 9:31,IP Address,104.35.170.65,100,365,TRUE,10/12/2020 9:31,R_2AWGNspwxIEIqjQ,,,,,34.14830017,-118.0016022,anonymous,EN,I do consent to participate,Yes,No,Not okay,Okay,"

Vawns",For sure no,Not okay,A little bad,,share okinberries with Zarpies ,acquire okinberries,Somewhat easy,"Zarpies,Vawns","Pogoberries,Okinberries",Learning about Zarpies and answering questions about them,56,Female,,White/European American,,High school/GED,High school/GED,,,,structural
10/12/2020 9:29,10/12/2020 9:32,IP Address,68.204.203.77,100,159,TRUE,10/12/2020 9:32,R_2ri8YHnsykKkuGh,,,,,28.52740479,-81.60119629,anonymous,EN,I do consent to participate,Yes,No,Not okay,Okay,"

Vawns",Maybe no,Not okay,"Very, very bad",,have it not be poisonous,ambiguous,Somewhat difficult,"Zarpies,Vawns",Pogoberries,Learning about Zarpies and answering questions about them,41,Male,,Click to write Choice 10,carribean,Some college,Some college,no,no,learning,structural
10/12/2020 9:26,10/12/2020 9:32,IP Address,67.164.74.58,100,340,TRUE,10/12/2020 9:32,R_31N3KVjrl2qAVRG,,,,,37.75579834,-121.9526978,anonymous,EN,I do consent to participate,Yes,No,Not okay,Okay,"

Vawns",For sure no,Not okay,A little bad,,"I would make public service announcements telling the Zarpies that it is now OK to eat the okinberries since the pogoberry harvest failed.  I would have the ads play often on TV, social media, etc. ",modify Zarpies beliefs/culture,Somewhat easy,"Zarpies,Vawns","Pogoberries,Okinberries",Learning about Zarpies and answering questions about them,55,Female,,White/European American,,"Master's (M.A., M.S.)",Some college,,,,structural
10/12/2020 9:25,10/12/2020 9:32,IP Address,198.228.141.147,100,418,TRUE,10/12/2020 9:32,R_wMK04D4ePkCFaF3,,,,,45.48170471,-122.4156036,anonymous,EN,I do consent to participate,Yes,No,Not okay,Okay,"

Vawns",For sure no,Not okay,"Very, very bad",,Color okinberries to the Berries they eat.,modify okinberries,Somewhat difficult,"Zarpies,Vawns","Pogoberries,Okinberries",Learning about Zarpies and answering questions about them,38,Male,,White/European American,,"Bachelor's (B.A., B.S.)",Some college,No,"The question which asks select all that applies from berries and task about, you should specific what are you speaking about, the overall initial story or the particular one which I just answered.",unable to determine.,internalist_cultural
10/12/2020 9:30,10/12/2020 9:32,IP Address,74.222.114.184,100,112,TRUE,10/12/2020 9:32,R_1nZoexDfRM6B22C,,,,,33.88200378,-80.40399933,anonymous,EN,I do consent to participate,Yes,No,Not okay,Okay,"

Vawns",For sure no,Okay,,"Very, very good",Put blue juice to make the okinberries look like pogoberries,modify okinberries,Very difficult,"Zarpies,Vawns","Pogoberries,Okinberries",Learning about Zarpies and answering questions about them,20,Male,,White/European American,,High school/GED,,,,,internalist_cultural
10/12/2020 9:28,10/12/2020 9:35,IP Address,68.68.135.161,100,413,TRUE,10/12/2020 9:35,R_2rG7JYdGfK4UcAp,,,,,34.2644043,-78.05909729,anonymous,EN,I do consent to participate,Yes,No,Not okay,Okay,"

Vawns",For sure no,Okay,,A little good,I would have them try a small amount at first to get used to it.,modify Zarpies biology,Somewhat easy,"Zarpies,Vawns","Pogoberries,Okinberries",Learning about Zarpies and answering questions about them,29,Male,,White/European American,,High school/GED,High school/GED,Nothing at all.,I hope my input helps. I would not change anything,It was about two alien species,structural
10/12/2020 9:25,10/12/2020 9:36,IP Address,89.187.164.84,100,673,TRUE,10/12/2020 9:36,R_3I9kG10VX6PWE5C,,,,,32.77870178,-96.82170105,anonymous,EN,I do consent to participate,Yes,No,Not okay,Okay,"

Vawns",For sure no,Not okay,"Very, very bad",,I will try to find a medicine they can use to treat their sickness in the event of eating okinberries,modify Zarpies biology,Somewhat difficult,"Zarpies,Vawns","Pogoberries,Okinberries",Learning about Zarpies and answering questions about them,37,Female,,White/European American,,"Bachelor's (B.A., B.S.)",High school/GED,No problem,,Testing the level of assimilation of people,internalist_biological
10/12/2020 9:34,10/12/2020 9:36,IP Address,68.104.142.91,100,170,TRUE,10/12/2020 9:36,R_A7qRm8X2iztvwB3,,,,,33.24090576,-111.7791977,anonymous,EN,I do consent to participate,Yes,No,Not okay,Okay,"

Vawns",Maybe no,Okay,,Pretty good,wash the berries to prevent the zarpies from getting sick,modify okinberries,Somewhat difficult,"Zarpies,Vawns","Pogoberries,Okinberries",Learning about Zarpies and answering questions about them,31,Male,,"White/European American,Black/African American",,"Bachelor's (B.A., B.S.)",Less than high school,,,,internalist_biological
10/12/2020 9:28,10/12/2020 9:37,IP Address,173.63.61.15,100,510,TRUE,10/12/2020 9:37,R_6XQtwvZ2cAiEPKx,,,,,40.94569397,-74.18260193,anonymous,EN,I do consent to participate,Yes,No,Not okay,Okay,"

Vawns",For sure no,Not okay,"Very, very bad",,I would try to find more pogoberries in any way possible even if I have to get them at a bigger cost somewhere.,acquire pogoberries,Very difficult,"Zarpies,Vawns","Pogoberries,Okinberries",Learning about Zarpies and answering questions about them,57,Female,,White/European American,,High school/GED,Some college,No,"The hit was okay, just hope I remembered the names of the berries",About wrong and right,internalist_biological
10/12/2020 9:33,10/12/2020 9:38,IP Address,76.14.195.160,100,285,TRUE,10/12/2020 9:38,R_DdC1fArMFz4g8Qp,,,,,44.99290466,-122.7658997,anonymous,EN,I do consent to participate,Yes,No,Not okay,Okay,"

Vawns",For sure no,Not okay,Pretty bad,,Search the planet for okinberries,acquire okinberries,Very difficult,Zarpies,"Pogoberries,Okinberries",Learning about Zarpies and answering questions about them,69,Male,,White/European American,,"Bachelor's (B.A., B.S.)",Some college,No,No issues,Memory of foreign names and words,internalist_cultural
10/12/2020 9:35,10/12/2020 9:38,IP Address,73.189.183.209,100,159,TRUE,10/12/2020 9:38,R_3h5vqiWpUL5fEfi,,,,,37.31770325,-121.9380035,anonymous,EN,I do consent to participate,Yes,No,Not okay,Okay,"

Vawns",For sure no,Not okay,"Very, very bad",,cook the okinberries to remove their ingredient that is toxic to zarpies,modify okinberries,Very easy,"Zarpies,Vawns","Pogoberries,Okinberries",Learning about Zarpies and answering questions about them,36,Male,,"White/European American,Click to write Choice 7,Click to write Choice 9",,"Bachelor's (B.A., B.S.)",Some college,no,no,see how people interpret small details,internalist_biological
10/12/2020 9:35,10/12/2020 9:38,IP Address,73.71.186.189,100,202,TRUE,10/12/2020 9:38,R_2pWaeEXubSWbiPA,,,,,38.24009705,-122.0397034,anonymous,EN,I do consent to participate,Yes,No,Not okay,Okay,"

Vawns",For sure no,Okay,,Pretty good,Import okinberries from the other side of the planet.,acquire pogoberries,Somewhat difficult,"Zarpies,Vawns","Pogoberries,Okinberries",Learning about Zarpies and answering questions about them,39,Male,,"White/European American,Asian/Asian American",,High school/GED,Some college,Everything was fine.,More information on one page instead of a new picture on each page.,I have no idea at all.,structural
10/12/2020 9:31,10/12/2020 9:38,IP Address,51.81.143.142,100,451,TRUE,10/12/2020 9:38,R_2B3TGz6csKk2Mnq,,,,,37.75100708,-97.8219986,anonymous,EN,I do consent to participate,Yes,No,Not okay,Okay,"

Vawns",For sure no,Not okay,"Very, very bad",,"make the okinberries bring good luck
turn the okinberries into pogoberries",modify Zarpies beliefs/culture,Somewhat difficult,"Zarpies,Vawns","Pogoberries,Okinberries",Learning about Zarpies and answering questions about them,21,Male,,Black/African American,,High school/GED,"Master's (M.A., M.S.)",,,,internalist_cultural
10/12/2020 9:32,10/12/2020 9:38,IP Address,172.220.227.49,100,393,TRUE,10/12/2020 9:38,R_8rgFfbeKPDwnr3z,,,,,35.46659851,-79.17579651,anonymous,EN,I do consent to participate,Yes,No,Not okay,Okay,"

Vawns",For sure no,Not okay,"Very, very bad",,make a medicine that Zarpies can take so other berries will not make them sick,modify Zarpies biology,Very difficult,"Zarpies,Vawns","Pogoberries,Okinberries",Learning about Zarpies and answering questions about them,26,Female,,White/European American,,"Bachelor's (B.A., B.S.)",Some college,no,everything was fine,"I am not sure. I am guessing it was about real people and what would be the first choices for helping people. Something to do with GMO foods, lol, no idea. ",internalist_biological
10/12/2020 9:31,10/12/2020 9:38,IP Address,196.16.110.196,100,433,TRUE,10/12/2020 9:39,R_24qpcWo9diQxQXa,,,,,34.05439758,-118.2440033,anonymous,EN,I do consent to participate,Yes,No,Not okay,Okay,"

Vawns",For sure no,Okay,,"Very, very good",Will harvest again and cultivate it.,ambiguous,Somewhat easy,"Zarpies,Vawns","Pogoberries,Okinberries",Learning about Zarpies and answering questions about them,39,Female,,White/European American,,"Master's (M.A., M.S.)",Some college,,,,structural
10/12/2020 9:35,10/12/2020 9:39,IP Address,108.14.73.174,100,271,TRUE,10/12/2020 9:39,R_2wo5MYOvzHuwN5X,,,,,40.57949829,-73.98889923,anonymous,EN,I do consent to participate,Yes,No,Not okay,Okay,"

Vawns",For sure no,Not okay,"Very, very bad",,Find a way to suppress the biological response to okinberries that makes Zarpies sick when eating them,modify Zarpies biology,Very difficult,"Zarpies,Vawns","Pogoberries,Okinberries",Learning about Zarpies and answering questions about them,34,Male,,Click to write Choice 8,,"Bachelor's (B.A., B.S.)",Some college,,,,internalist_biological
10/12/2020 9:30,10/12/2020 9:39,IP Address,73.194.199.39,100,564,TRUE,10/12/2020 9:39,R_3soevTxfEwnMy6l,,,,,39.75759888,-74.24960327,anonymous,EN,I do consent to participate,Yes,No,Not okay,Okay,"

Vawns",For sure no,Not okay,Pretty bad,,I would change their belief that it's bad luck.,modify Zarpies beliefs/culture,Very difficult,"Zarpies,Vawns","Pogoberries,Okinberries",Learning about Zarpies and answering questions about them,45,Male,,White/European American,,Some college,Some college,no,none,To understand thoughts on cultures.,internalist_cultural
10/12/2020 9:36,10/12/2020 9:40,IP Address,24.105.199.58,100,224,TRUE,10/12/2020 9:40,R_SP5yoR2FrKv7QTn,,,,,42.24780273,-73.7539978,anonymous,EN,I do consent to participate,Yes,No,Not okay,Okay,"

Vawns",For sure no,Not okay,A little bad,,Have them switch living spaces with the other creatures so they can both try each food.,acquire okinberries,Very easy,"Zarpies,Vawns","Pogoberries,Okinberries",Learning about Zarpies and answering questions about them,24,Female,,"White/European American,Black/African American",,"Bachelor's (B.A., B.S.)",Some college,,,,structural
10/12/2020 9:36,10/12/2020 9:41,IP Address,72.84.109.234,100,305,TRUE,10/12/2020 9:41,R_3RpFfiuLa4zZCXO,,,,,36.79690552,-76.17970276,anonymous,EN,I do consent to participate,Yes,No,Not okay,Okay,"

Vawns",For sure no,Not okay,"Very, very bad",,Ask the Vawns if they will share,acquire okinberries,Somewhat easy,"Zarpies,Vawns","Pogoberries,Okinberries",Learning about Zarpies and answering questions about them,44,Female,,White/European American,,High school/GED,High school/GED,no,no,Learning about fictional characters to see if this would be easy for children,structural
10/12/2020 9:36,10/12/2020 9:41,IP Address,24.163.96.208,100,315,TRUE,10/12/2020 9:41,R_22Y7JM8e2iSSu34,,,,,35.58309937,-78.7881012,anonymous,EN,I do consent to participate,Yes,No,Not okay,Okay,"

Vawns",Maybe yes,Okay,,Pretty good,Tell them it's not bad luck,modify Zarpies beliefs/culture,Very easy,"Zarpies,Vawns","Pogoberries,Okinberries",Learning about Zarpies and answering questions about them,49,Female,,White/European American,,High school/GED,High school/GED,no,"it was cute, no need",not sure,internalist_cultural
10/12/2020 9:38,10/12/2020 9:42,IP Address,174.101.136.173,100,219,TRUE,10/12/2020 9:42,R_30qNWDxQlAYgvoJ,,,,,39.14970398,-84.4260025,anonymous,EN,I do consent to participate,Yes,No,Not okay,Okay,"

Vawns",For sure no,Not okay,Pretty bad,,I would try to help them not get sick from them.,modify Zarpies biology,Very difficult,"Zarpies,Vawns","Pogoberries,Okinberries",Learning about Zarpies and answering questions about them,25,Female,,"White/European American,Black/African American",,Some college,Some college,No.,No.,,internalist_biological
10/12/2020 9:28,10/12/2020 9:42,IP Address,73.1.141.162,100,813,TRUE,10/12/2020 9:42,R_1Qgfi4oDvlELg4t,,,,,26.59910583,-80.12840271,anonymous,EN,I do consent to participate,Yes,No,Not okay,Okay,"

Vawns",For sure no,Not okay,A little bad,,I would tell them it is now good luck to eat them.,modify Zarpies beliefs/culture,Very easy,"Zarpies,Vawns","Pogoberries,Okinberries",Learning about Zarpies and answering questions about them,68,Female,,White/European American,,High school/GED,High school/GED,no problems,no suggested changes,right and wrong,internalist_cultural
10/12/2020 9:34,10/12/2020 9:44,IP Address,98.167.113.206,100,599,TRUE,10/12/2020 9:44,R_Z9qlM4AtDZsRRZv,,,,,36.05880737,-115.3104019,anonymous,EN,I do consent to participate,Yes,No,Not okay,Okay,"

Vawns",Maybe no,Okay,,Pretty good,be friendly with the others,ambiguous,Somewhat easy,"Zarpies,Vawns","Pogoberries,Okinberries",Learning about Zarpies and answering questions about them,36,Female,,White/European American,,"Bachelor's (B.A., B.S.)",High school/GED,no,nothing,I have no idea,structural
10/12/2020 9:30,10/12/2020 9:44,IP Address,66.31.112.108,100,843,TRUE,10/12/2020 9:44,R_3eaIFKxCUlZZRWM,,,,,42.07739258,-71.04460144,anonymous,EN,I do consent to participate,Yes,No,Not okay,Okay,"

Vawns",For sure no,Not okay,Pretty bad,,Maybe give them some medicine so it makes it okay for them to eat the okinberries? Sort of like Lactaid pills for lactose intolerant people?,modify Zarpies biology,Somewhat difficult,"Zarpies,Vawns","Pogoberries,Okinberries",Learning about Zarpies and answering questions about them,34,Male,,White/European American,,"Bachelor's (B.A., B.S.)",Some college,No,No,I have no idea.,internalist_biological
10/12/2020 9:42,10/12/2020 9:44,IP Address,98.235.48.150,100,148,TRUE,10/12/2020 9:44,R_10Z4JPSfbV3pyJw,,,,,40.2743988,-76.70619965,anonymous,EN,I do consent to participate,Yes,No,Not okay,Okay,"

Vawns",For sure no,Not okay,Pretty bad,,change the color of the okinberries,modify okinberries,Somewhat difficult,"Zarpies,Vawns","Pogoberries,Okinberries",Learning about Zarpies and answering questions about them,48,Male,,White/European American,,High school/GED,High school/GED,no issues,nothing really,I have no idea,internalist_cultural
10/12/2020 9:41,10/12/2020 9:45,IP Address,140.186.218.74,100,228,TRUE,10/12/2020 9:45,R_2EFxbdnzbLCABS0,,,,,46.89070129,-96.92579651,anonymous,EN,I do consent to participate,Yes,No,Not okay,Okay,"

Vawns",Maybe no,Not okay,A little bad,,Ask someone for them,ambiguous,Somewhat difficult,"Zarpies,Vawns","Pogoberries,Okinberries",Learning about Zarpies and answering questions about them,30,Female,,White/European American,,High school/GED,Some college,no,no,I think it was about making choices,structural
10/12/2020 9:41,10/12/2020 9:45,IP Address,97.124.227.123,100,203,TRUE,10/12/2020 9:45,R_ZErMccKN7CQJn33,,,,,33.50379944,-112.0252991,anonymous,EN,I do consent to participate,Yes,No,Not okay,Okay,"

Vawns",Maybe yes,Okay,,Pretty good,give seeds,ambiguous,Very easy,"Zarpies,Vawns","Pogoberries,Okinberries",Learning about Zarpies and answering questions about them,37,Male,,White/European American,,"Bachelor's (B.A., B.S.)",Some college,n,n,ethics,structural
10/12/2020 9:41,10/12/2020 9:45,IP Address,168.235.70.73,100,232,TRUE,10/12/2020 9:45,R_37tMEgv4GjF5Ghz,,,,,40.8822937,-74.21520233,anonymous,EN,I do consent to participate,Yes,Yes,Not okay,Okay,"

Vawns",For sure yes,Not okay,Pretty bad,,I would remove the part of the okinberries that make them sick.,modify okinberries,Somewhat difficult,"Zarpies,Vawns","Pogoberries,Okinberries",Learning about Zarpies and answering questions about them,31,Male,,Click to write Choice 10,European,"Bachelor's (B.A., B.S.)",Less than high school,no. no.,Humans can walk through walls though.,I have no idea.,internalist_biological
10/12/2020 9:42,10/12/2020 9:45,IP Address,173.48.239.240,100,187,TRUE,10/12/2020 9:45,R_SZSlUy12cmEb4Fb,,,,,42.29710388,-71.06199646,anonymous,EN,I do consent to participate,Yes,No,Not okay,Okay,"

Vawns",For sure yes,Not okay,"Very, very bad",,research that okinerries are safe for them to eat,ambiguous,Somewhat difficult,"Zarpies,Vawns","Pogoberries,Okinberries",Learning about Zarpies and answering questions about them,27,Male,,White/European American,,"Bachelor's (B.A., B.S.)",Some college,n/a,n/a,no clue,internalist_cultural
10/12/2020 9:43,10/12/2020 9:46,IP Address,73.49.202.17,100,159,TRUE,10/12/2020 9:46,R_2fvZ6jPG5SZY8sW,,,,,25.75520325,-80.22930145,anonymous,EN,I do consent to participate,Yes,No,Not okay,Okay,"

Vawns",For sure no,Not okay,"Very, very bad",,teach them that luck does not exist and they can eat whatever they want,modify Zarpies beliefs/culture,Very difficult,"Zarpies,Vawns","Pogoberries,Okinberries",Learning about Zarpies and answering questions about them,29,Male,,White/European American,,"Bachelor's (B.A., B.S.)",Some college,,,,internalist_cultural
10/12/2020 9:41,10/12/2020 9:47,IP Address,68.229.179.165,100,359,TRUE,10/12/2020 9:47,R_3O99q61K0MCUeua,,,,,41.11560059,-95.9375,anonymous,EN,I do consent to participate,No,No,Okay,Okay,"

Vawns",Maybe no,Not okay,Pretty bad,,I will arrange okinberries for Zarpies,acquire okinberries,Somewhat difficult,"Zarpies,Vawns",Okinberries,Learning about Zarpies and answering questions about them,40,Female,,White/European American,,"Master's (M.A., M.S.)",Some college,No,Nothing,Nothing,internalist_biological
10/12/2020 9:45,10/12/2020 9:48,IP Address,104.175.32.183,100,195,TRUE,10/12/2020 9:48,R_26mSnagnzEAHH7s,,,,,34.06750488,-118.3520966,anonymous,EN,I do consent to participate,Yes,No,Not okay,Okay,"

Vawns",For sure no,Not okay,"Very, very bad",,heat up the okinberries.,modify okinberries,Somewhat difficult,"Zarpies,Vawns","Pogoberries,Okinberries",Learning about Zarpies and answering questions about them,36,Male,,Latino/Latina,,High school/GED,High school/GED,,,,internalist_biological
10/12/2020 9:50,10/12/2020 9:52,IP Address,67.247.68.1,100,129,TRUE,10/12/2020 9:52,R_3M5mhNKN88y1LCi,,,,,43.06419373,-74.33399963,anonymous,EN,I do consent to participate,Yes,No,Not okay,Okay,"

Vawns",Maybe yes,Not okay,Pretty bad,,I would give the Zarpies some okinberries.,acquire okinberries,Somewhat difficult,"Zarpies,Vawns","Pogoberries,Okinberries",Learning about Zarpies and answering questions about them,26,Male,,White/European American,,"Bachelor's (B.A., B.S.)",High school/GED,,,,internalist_cultural
10/12/2020 9:44,10/12/2020 9:53,IP Address,75.130.241.243,100,527,TRUE,10/12/2020 9:53,R_3q7nQtfwiRnYPI9,,,,,42.25549316,-71.77189636,anonymous,EN,I do consent to participate,Yes,No,Not okay,Okay,"

Vawns",Maybe yes,Okay,,Pretty good,send Zarpies some Okinberries,acquire okinberries,Somewhat easy,"Zarpies,Vawns","Pogoberries,Okinberries",Learning about Zarpies and answering questions about them,40,Female,,Black/African American,,"Master's (M.A., M.S.)",Some college,no,no suggestions,helping others people,structural
10/12/2020 9:51,10/12/2020 9:53,IP Address,47.217.149.82,100,141,TRUE,10/12/2020 9:53,R_1QGYqzGUjjySblt,,,,,35.74450684,-95.3451004,anonymous,EN,I do consent to participate,Yes,No,Not okay,Okay,"

Vawns",Maybe no,Okay,,A little good,I would plant some okinberries on the Zarpies side of the planet.,acquire okinberries,Somewhat difficult,"Zarpies,Vawns","Pogoberries,Okinberries",Learning about Zarpies and answering questions about them,27,Female,,Asian/Asian American,,Some college,High school/GED,"No, everything was very clear.",I wouldn't suggest anything because it seemed like a very straightforward study.,I think this study is analyizing grammar and inferences from text. ,structural
10/12/2020 9:50,10/12/2020 9:54,IP Address,24.239.52.217,100,205,TRUE,10/12/2020 9:54,R_zUqv4V0RTLy7wYx,,,,,41.09959412,-80.75229645,anonymous,EN,I do consent to participate,Yes,No,Not okay,Okay,"

Vawns",For sure no,Not okay,"Very, very bad",,Mix them with something else. ,modify okinberries,Somewhat difficult,"Zarpies,Vawns","Pogoberries,Okinberries",Learning about Zarpies and answering questions about them,38,Female,,White/European American,,"Bachelor's (B.A., B.S.)",High school/GED,NA,NA,NA,internalist_biological
10/12/2020 9:51,10/12/2020 9:55,IP Address,71.238.41.185,100,187,TRUE,10/12/2020 9:55,R_3RrylHuoSzHRhks,,,,,45.44070435,-122.7792053,anonymous,EN,I do consent to participate,Yes,No,Not okay,Okay,"

Vawns",For sure no,Not okay,"Very, very bad",,Make it so they will not get sick temporarily ,modify Zarpies biology,Very difficult,"Zarpies,Vawns","Pogoberries,Okinberries",Learning about Zarpies and answering questions about them,33,Male,,White/European American,,High school/GED,High school/GED,,,,internalist_biological
10/12/2020 9:53,10/12/2020 9:55,IP Address,69.80.85.202,100,132,TRUE,10/12/2020 9:55,R_OvPYwQl7AUa88CZ,,,,,33.88200378,-80.40399933,anonymous,EN,I do consent to participate,Yes,No,Not okay,Okay,"

Vawns",For sure no,Not okay,Pretty bad,,Make it so that the Okinberries wouldn't be harmful to them being that they aren't a natural part of their diet.,ambiguous,Somewhat difficult,"Zarpies,Vawns","Pogoberries,Okinberries",Learning about Zarpies and answering questions about them,30,Male,,Black/African American,,Some college,High school/GED,,,,internalist_cultural
10/12/2020 10:02,10/12/2020 10:02,IP Address,76.221.209.152,100,5,TRUE,10/12/2020 10:02,R_DdaUxMWNDPAWN9L,,,,,42.29670715,-85.20659637,anonymous,EN,I do NOT consent to participate,,,,,,,,,,,,,,,,,,,,,,,,,,
10/12/2020 9:50,10/12/2020 10:03,IP Address,141.151.73.239,100,749,TRUE,10/12/2020 10:03,R_1OMEeOZZsR7X42H,,,,,39.67320251,-75.71209717,anonymous,EN,I do consent to participate,Yes,No,Not okay,Okay,"

Vawns",For sure no,Okay,,A little good,zarpies will try to eat okinberries,ambiguous,Somewhat difficult,"Zarpies,Vawns","Pogoberries,Okinberries",Learning about Zarpies and answering questions about them,36,Male,,White/European American,,"Bachelor's (B.A., B.S.)",Some college,none,cool,To learn about groups in other planet,structural
10/12/2020 10:02,10/12/2020 10:04,IP Address,74.96.115.62,100,129,TRUE,10/12/2020 10:04,R_1ff0ubQmowRePjP,,,,,38.58450317,-76.89409637,anonymous,EN,I do consent to participate,Yes,No,Not okay,Okay,"

Vawns",For sure yes,Okay,,Pretty good,The vawns share with the zarpies,acquire okinberries,Very easy,"Zarpies,Vawns","Pogoberries,Okinberries",Learning about Zarpies and answering questions about them,26,Male,,Black/African American,,"Bachelor's (B.A., B.S.)",High school/GED,,,,internalist_cultural
10/12/2020 10:00,10/12/2020 10:05,IP Address,74.71.23.203,100,311,TRUE,10/12/2020 10:05,R_3QJJQLlOwcbpYHa,,,,,40.80000305,-73.9763031,anonymous,EN,I do consent to participate,Yes,No,Not okay,Okay,"

Vawns",Maybe yes,Okay,,Pretty good,Change the color of the okinberries,modify okinberries,Somewhat difficult,Zarpies,"Pogoberries,Okinberries",Learning about Zarpies and answering questions about them,35,Male,,Click to write Choice 8,,"Bachelor's (B.A., B.S.)",High school/GED,none,none,Teaching children about a person's belief.,internalist_cultural
10/12/2020 9:43,10/12/2020 10:07,IP Address,71.143.154.172,100,1457,TRUE,10/12/2020 10:07,R_1hYhwNCv3DR77LE,,,,,33.75740051,-84.42359924,anonymous,EN,I do consent to participate,Yes,No,Not okay,Okay,"

Vawns",For sure no,Not okay,"Very, very bad",,I would change the colors of the onkinberries.,modify okinberries,Very difficult,"Zarpies,Vawns","Pogoberries,Okinberries",Learning about Zarpies and answering questions about them,37,Male,,White/European American,,"Bachelor's (B.A., B.S.)",Some college,The survey is interesting.,send me more surveys.,Consumer survey.,internalist_biological
10/12/2020 9:40,10/12/2020 10:08,IP Address,217.138.208.148,100,1693,TRUE,10/12/2020 10:08,R_1CJk0GE2OPRFzBO,,,,,40.71569824,-74,anonymous,EN,I do consent to participate,Yes,No,Not okay,Okay,"

Vawns",For sure no,Not okay,"Very, very bad",,try to supply or tried to plant okinberries at the part of its planet where it stays,acquire okinberries,Very difficult,"Zarpies,Vawns","Pogoberries,Okinberries",Learning about Zarpies and answering questions about them,40,Male,,Black/African American,,"Bachelor's (B.A., B.S.)",High school/GED,no,none,it is about the plant and their habitants,structural
10/12/2020 10:12,10/12/2020 10:15,IP Address,97.113.30.4,100,187,TRUE,10/12/2020 10:15,R_1r63KtA71TTss3W,,,,,47.53999329,-122.3031998,anonymous,EN,I do consent to participate,Yes,No,Not okay,Okay,"

Vawns",Maybe yes,Okay,,Pretty good,"Prepare them differently, perhaps mashing them up to change the taste.",modify okinberries,Somewhat easy,"Zarpies,Vawns","Pogoberries,Okinberries",Learning about Zarpies and answering questions about them,32,Male,,White/European American,,High school/GED,High school/GED,None.,Wouldn't change a thing.,How we think creatures adapt to issues.,internalist_cultural
10/12/2020 10:11,10/12/2020 10:17,IP Address,98.159.196.54,100,324,TRUE,10/12/2020 10:17,R_OD18QotWq3ZVVqp,,,,,34.61799622,-86.05619812,anonymous,EN,I do consent to participate,Yes,No,Not okay,Okay,"

Zarpies",Maybe no,Not okay,"Very, very bad",,grow them,ambiguous,Somewhat easy,Zarpies,Okinberries,Learning about Zarpies and answering questions about them,32,Female,,White/European American,,"Bachelor's (B.A., B.S.)",Some college,no,no,unsutr,structural
10/12/2020 10:12,10/12/2020 10:17,IP Address,184.91.226.29,100,273,TRUE,10/12/2020 10:17,R_1OleoNSylsiAVR7,,,,,29.02470398,-80.95839691,anonymous,EN,I do consent to participate,Yes,No,Not okay,Okay,"

Vawns",Maybe yes,Okay,,"Very, very good","I would hope the Zarpies can have a friendly visit with the Vawns, who would share their okinberries.",acquire okinberries,Very easy,"Zarpies,Vawns","Pogoberries,Okinberries",Learning about Zarpies and answering questions about them,69,Female,,White/European American,,"Bachelor's (B.A., B.S.)",Some college,no,higher pay,not sure,structural
10/12/2020 10:19,10/12/2020 10:19,IP Address,76.180.67.64,100,4,TRUE,10/12/2020 10:19,R_1rpjC1nehQTuHwn,,,,,42.92970276,-78.74340057,anonymous,EN,I do NOT consent to participate,,,,,,,,,,,,,,,,,,,,,,,,,,
10/12/2020 10:13,10/12/2020 10:19,IP Address,51.81.232.163,100,347,TRUE,10/12/2020 10:19,R_3HZhYbSDTsANbn9,,,,,37.75100708,-97.8219986,anonymous,EN,I do consent to participate,Yes,No,Not okay,Okay,"

Vawns",For sure no,Not okay,"Very, very bad",,They should prepare to treat sickness.,ambiguous,Somewhat easy,"Zarpies,Vawns","Pogoberries,Okinberries",Learning about Zarpies and answering questions about them,27,Male,,White/European American,,"Bachelor's (B.A., B.S.)",High school/GED,,,,internalist_biological
10/12/2020 10:15,10/12/2020 10:19,IP Address,108.185.66.225,100,239,TRUE,10/12/2020 10:19,R_30wbw6pfEqaGhM5,,,,,33.92120361,-118.142395,anonymous,EN,I do consent to participate,Yes,No,Not okay,Okay,"

Vawns",Maybe no,Not okay,A little bad,,Make them healthy enough so they can eat them without harm.,modify Zarpies biology,Very difficult,"Zarpies,Vawns","Pogoberries,Okinberries",Learning about Zarpies and answering questions about them,35,Male,,Latino/Latina,,High school/GED,Some college,No problems or confusions.,No suggestions. It was good.,Study how a person might view from the eyes of children and how morally or ethically actions are to those types of audiences.,structural
10/12/2020 10:17,10/12/2020 10:20,IP Address,70.104.139.190,100,168,TRUE,10/12/2020 10:20,R_2ZEmFYRL0TYAaRq,,,,,40.81359863,-73.93840027,anonymous,EN,I do consent to participate,Yes,No,Not okay,Okay,"

Vawns",Maybe no,Okay,,Pretty good,I would tell them where to find okinberries.,acquire okinberries,Very easy,"Zarpies,Vawns","Pogoberries,Okinberries",Learning about Zarpies and answering questions about them,36,Female,,White/European American,,"Bachelor's (B.A., B.S.)",Some college,,,,internalist_cultural
10/12/2020 10:17,10/12/2020 10:20,IP Address,47.41.128.85,100,192,TRUE,10/12/2020 10:20,R_2qmfD1jAfhhu1X8,,,,,43.08120728,-89.3844986,anonymous,EN,I do consent to participate,Yes,No,Not okay,Okay,"

Vawns",For sure no,Not okay,"Very, very bad",,turn okinberries into pogoberries,modify okinberries,Very difficult,"Zarpies,Vawns","Pogoberries,Okinberries",Learning about Zarpies and answering questions about them,46,Male,,White/European American,,"Bachelor's (B.A., B.S.)",Some college,no,no,no idea,internalist_biological
10/12/2020 10:18,10/12/2020 10:21,IP Address,73.72.4.111,100,156,TRUE,10/12/2020 10:21,R_eKZYTJf22JPu9K9,,,,,41.90249634,-87.67259979,anonymous,EN,I do consent to participate,Yes,No,Not okay,Okay,"

Vawns",For sure no,Not okay,Pretty bad,,Give them medicine so they don't get sick,modify Zarpies biology,Somewhat difficult,"Zarpies,Vawns","Pogoberries,Okinberries",Learning about Zarpies and answering questions about them,29,Female,,White/European American,,"Master's (M.A., M.S.)",Some college,no,no,not sure,internalist_biological
10/12/2020 10:19,10/12/2020 10:21,IP Address,76.180.67.64,100,111,TRUE,10/12/2020 10:21,R_23MstF8Hdo0b4gp,,,,,42.92970276,-78.74340057,anonymous,EN,I do consent to participate,Yes,No,Not okay,Okay,"

Vawns",Maybe no,Not okay,Pretty bad,,Make a trade with the Vawnies for okinberries,acquire okinberries,Somewhat easy,"Zarpies,Vawns","Pogoberries,Okinberries",Learning about Zarpies and answering questions about them,31,Male,,White/European American,,Some college,High school/GED,nope,nope,not sure,internalist_cultural
10/12/2020 10:18,10/12/2020 10:22,IP Address,47.185.70.61,100,262,TRUE,10/12/2020 10:22,R_cuN0nlj8SbK4vNT,,,,,32.93209839,-97.28340149,anonymous,EN,I do consent to participate,Yes,No,Not okay,Okay,"

Vawns",For sure no,Not okay,A little bad,,move to other side of the planet,acquire okinberries,Somewhat difficult,"Zarpies,Vawns","Pogoberries,Okinberries",Learning about Zarpies and answering questions about them,32,Female,,White/European American,,"Bachelor's (B.A., B.S.)",Some college,"No, it was fine.",No,I do not know,structural
10/12/2020 10:20,10/12/2020 10:23,IP Address,67.149.68.150,100,148,TRUE,10/12/2020 10:23,R_1P2iHcxWjZUGlZ7,,,,,39.98809814,-83.04789734,anonymous,EN,I do consent to participate,Yes,No,Not okay,Okay,"

Vawns",Maybe yes,Okay,,Pretty good,I would make okinberry plants where the Zarpies live so they can eat the okinberries,acquire okinberries,Somewhat difficult,"Zarpies,Vawns","Pogoberries,Okinberries",Learning about Zarpies and answering questions about them,36,Male,,White/European American,,Some college,Some college,,,,structural
10/12/2020 10:18,10/12/2020 10:23,IP Address,98.204.255.222,100,278,TRUE,10/12/2020 10:23,R_300LuywFaYla1hp,,,,,39.62489319,-75.83509827,anonymous,EN,I do consent to participate,Yes,No,Not okay,Okay,"

Vawns",For sure no,Not okay,Pretty bad,,I would change what the Zarpies think about all berries so that the can eat any type of berry.,modify Zarpies beliefs/culture,Somewhat difficult,"Zarpies,Vawns","Pogoberries,Okinberries",Learning about Zarpies and answering questions about them,30,Male,,White/European American,,Some college,High school/GED,None,None,Logical thinking ,internalist_cultural
10/12/2020 10:20,10/12/2020 10:23,IP Address,73.236.40.189,100,225,TRUE,10/12/2020 10:23,R_W6yKJiblYJ7VY41,,,,,41.02659607,-80.34980011,anonymous,EN,I do consent to participate,Yes,No,Not okay,Okay,"

Vawns",Maybe yes,Okay,,"Very, very good",I would make okinberries grow all over the planet.,acquire okinberries,Somewhat difficult,"Zarpies,Vawns","Pogoberries,Okinberries",Learning about Zarpies and answering questions about them,60,Male,,White/European American,,Some college,High school/GED,"no, no",no,research on attention and comprehension,structural
10/12/2020 10:23,10/12/2020 10:26,IP Address,24.208.188.198,100,165,TRUE,10/12/2020 10:26,R_27m095ftGseWttk,,,,,40.74159241,-84.15219879,anonymous,EN,I do consent to participate,Yes,No,Not okay,Okay,"

Vawns",For sure no,Okay,,Pretty good,sanitize the berries,modify okinberries,Very easy,"Zarpies,Vawns",Okinberries,Learning about Zarpies and answering questions about them,39,Male,,White/European American,,Some college,High school/GED,no,,understanding language i think,internalist_biological
10/12/2020 10:26,10/12/2020 10:27,IP Address,66.91.211.85,100,97,TRUE,10/12/2020 10:27,R_1rjjJkH1YdaOMkz,,,,,21.28900146,-157.8027954,anonymous,EN,I do consent to participate,Yes,No,Not okay,Okay,"

Vawns",For sure no,Not okay,"Very, very bad",,Mix them with other berries,modify okinberries,Somewhat easy,Zarpies,"Pogoberries,Okinberries",Learning about Zarpies and answering questions about them,40,Female,,White/European American,,"Bachelor's (B.A., B.S.)",Some college,No,No,Not sure,internalist_biological
10/12/2020 10:20,10/12/2020 10:29,IP Address,24.181.229.118,100,487,TRUE,10/12/2020 10:29,R_brSJSIH3GtMl7Yl,,,,,42.25549316,-71.77189636,anonymous,EN,I do consent to participate,Yes,No,Not okay,Okay,"

Vawns",Maybe no,Okay,,A little good,Have the Vawns show them it's ok to eat them.,modify Zarpies beliefs/culture,Somewhat difficult,"Zarpies,Vawns","Pogoberries,Okinberries",Learning about Zarpies and answering questions about them,37,Male,,White/European American,,Some college,Some college,,,,internalist_cultural
10/12/2020 10:29,10/12/2020 10:30,IP Address,32.215.210.207,100,80,TRUE,10/12/2020 10:30,R_3hxxhvOWvr02DvZ,,,,,41.81390381,-73.11229706,anonymous,EN,I do consent to participate,Yes,No,Not okay,Okay,"

Vawns",Maybe yes,Okay,,Pretty good,Trade with the other species,acquire okinberries,Somewhat difficult,"Zarpies,Glerks","Pogoberries,Okinberries",Learning about Zarpies and answering questions about them,24,Male,,Click to write Choice 8,,"Bachelor's (B.A., B.S.)",High school/GED,,,,internalist_biological
10/12/2020 10:35,10/12/2020 10:36,IP Address,75.70.44.41,100,8,TRUE,10/12/2020 10:36,R_273Wf0p37bzK3lX,,,,,39.86619568,-104.975502,anonymous,EN,I do NOT consent to participate,,,,,,,,,,,,,,,,,,,,,,,,,,
10/12/2020 10:31,10/12/2020 10:37,IP Address,64.234.38.62,100,367,TRUE,10/12/2020 10:37,R_10C6BxtM7L6H8VD,,,,,34.22399902,-82.16249847,anonymous,EN,I do consent to participate,Yes,No,Not okay,Okay,"

Vawns",Maybe no,Okay,,A little good,allow them in the area to collect okinberries,acquire okinberries,Somewhat difficult,"Zarpies,Vawns","Pogoberries,Okinberries",Learning about Zarpies and answering questions about them,55,Female,,White/European American,,High school/GED,High school/GED,not at all,na,not sure but it was nice,structural
10/12/2020 10:36,10/12/2020 10:40,IP Address,107.146.243.120,100,236,TRUE,10/12/2020 10:40,R_1LMDbG7OAwBpwXU,,,,,35.29760742,-119.0484009,anonymous,EN,I do consent to participate,Yes,No,Not okay,Okay,"

Vawns",Maybe yes,Okay,,Pretty good,I would test to make sure they are safe to eat.,ambiguous,Somewhat easy,"Zarpies,Glerks","Pogoberries,Okinberries",Learning about Zarpies and answering questions about them,31,Male,,White/European American,,"Bachelor's (B.A., B.S.)",Less than high school,None.,None.,I'm not sure.,internalist_cultural
10/12/2020 10:44,10/12/2020 10:47,IP Address,24.180.138.70,100,137,TRUE,10/12/2020 10:47,R_pAcQjCoCWBmsvPX,,,,,43.17720032,-85.24729919,anonymous,EN,I do consent to participate,Yes,No,Not okay,Okay,"

Vawns",For sure no,Not okay,Pretty bad,,Try to have them eat a few at a time and see if their bodies can handle the change over time.,modify Zarpies biology,Somewhat difficult,"Zarpies,Vawns","Pogoberries,Okinberries",Learning about Zarpies and answering questions about them,39,Male,,White/European American,,Some college,Some college,,,,internalist_biological
10/12/2020 10:46,10/12/2020 10:49,IP Address,76.222.214.144,100,199,TRUE,10/12/2020 10:49,R_245Wlf88s0IkBgU,,,,,42.17599487,-87.80899811,anonymous,EN,I do consent to participate,Yes,No,Not okay,Okay,"

Vawns",Maybe yes,Okay,,A little good,"teach them that there is no such thing as ""luck""",modify Zarpies beliefs/culture,Very difficult,"Zarpies,Vawns","Pogoberries,Okinberries",Learning about Zarpies and answering questions about them,68,Prefer not to specify,,Click to write Choice 10,,Click to write Choice 7,"Master's (M.A., M.S.)",,,,internalist_cultural
10/12/2020 10:40,10/12/2020 10:51,IP Address,70.172.187.42,100,663,TRUE,10/12/2020 10:51,R_3e80mpyturnI6u2,,,,,41.51899719,-71.16200256,anonymous,EN,I do consent to participate,Yes,No,Not okay,Okay,"

Vawns",Maybe yes,Okay,,A little good,Sell okinberries to the Zarpies.,acquire okinberries,Very difficult,"Zarpies,Vawns","Pogoberries,Okinberries",Learning about Zarpies and answering questions about them,37,Female,,White/European American,,High school/GED,Some college,Everything was easy to understand,no,I don't know,internalist_cultural
10/12/2020 10:51,10/12/2020 10:53,IP Address,172.92.97.132,100,127,TRUE,10/12/2020 10:53,R_2sYkysI87FIO7Hr,,,,,48.10099792,-123.4328003,anonymous,EN,I do consent to participate,Yes,No,Not okay,Okay,"

Vawns",Maybe yes,Okay,,A little good,Ask the Vawns to share their okinberries with the Zarpies,acquire okinberries,Somewhat easy,"Zarpies,Vawns","Pogoberries,Okinberries",Learning about Zarpies and answering questions about them,33,Female,,White/European American,,"Bachelor's (B.A., B.S.)",Some college,,,,structural
10/12/2020 10:48,10/12/2020 10:54,IP Address,108.253.190.88,100,378,TRUE,10/12/2020 10:54,R_1rqzyMQZqIMKMnU,,,,,41.48660278,-81.80370331,anonymous,EN,I do consent to participate,Yes,No,Not okay,Okay,"

Vawns",Maybe yes,Okay,,A little good,give them my pogoberries,acquire pogoberries,Somewhat easy,"Zarpies,Vawns","Pogoberries,Okinberries",Learning about Zarpies and answering questions about them,60,Male,,White/European American,,"Bachelor's (B.A., B.S.)",High school/GED,no,no,I cannot say,internalist_biological
10/12/2020 10:57,10/12/2020 11:00,IP Address,104.156.127.125,100,177,TRUE,10/12/2020 11:00,R_3PBPTHWdudz4qWx,,,,,37.19110107,-82.65129852,anonymous,EN,I do consent to participate,Yes,No,Not okay,Okay,"

Vawns",For sure no,Not okay,"Very, very bad",,Give them digestive aids,modify Zarpies biology,Very difficult,"Zarpies,Vawns","Pogoberries,Okinberries",Learning about Zarpies and answering questions about them,33,Male,,White/European American,,Some college,High school/GED,No problems.,,Tests as a barometer for children and learning abilities.,internalist_biological
10/12/2020 11:11,10/12/2020 11:16,IP Address,69.23.235.1,100,260,TRUE,10/12/2020 11:16,R_3DolDferEb9w5cM,,,,,38.2131958,-84.54550171,anonymous,EN,I do consent to participate,Yes,No,Not okay,Okay,"

Vawns",For sure no,Not okay,Pretty bad,,Make it okay for them to eat them,ambiguous,Very difficult,"Zarpies,Vawns","Pogoberries,Okinberries",Learning about Zarpies and answering questions about them,34,Female,,White/European American,,Some college,High school/GED,No,No,I'm not sure,internalist_cultural
10/12/2020 11:13,10/12/2020 11:17,IP Address,108.41.104.169,100,225,TRUE,10/12/2020 11:17,R_2D2LVffqJEdzhij,,,,,40.62860107,-73.93900299,anonymous,EN,I do consent to participate,Yes,No,Not okay,Okay,"

Vawns",Maybe yes,Okay,,Pretty good,I would make sure there are enough okinberries for all the Zarpies and the Vawns.,acquire okinberries,Somewhat difficult,"Zarpies,Vawns","Pogoberries,Okinberries",Learning about Zarpies and answering questions about them,59,Female,,White/European American,,"Bachelor's (B.A., B.S.)",Some college,"No, everything went well.","No, I think it works well the way it is now.",Not sure... It might be about how people understand a problem and identify potential solutions.,structural
10/12/2020 11:14,10/12/2020 11:17,IP Address,174.215.144.235,100,177,TRUE,10/12/2020 11:17,R_2SwsBXRJzneCdwH,,,,,33.72239685,-84.52050018,anonymous,EN,I do consent to participate,Yes,No,Not okay,Okay,"

Vawns",Maybe no,Not okay,A little bad,,They could make friends with the vawns,acquire okinberries,Very easy,"Zarpies,Vawns","Pogoberries,Okinberries",Learning about Zarpies and answering questions about them,32,Female,,White/European American,,High school/GED,High school/GED,None,None,Learning new groups,structural
10/12/2020 11:18,10/12/2020 11:21,IP Address,71.72.211.74,100,198,TRUE,10/12/2020 11:21,R_3FIk3GZptmlEjjo,,,,,40.74200439,-81.10310364,anonymous,EN,I do consent to participate,Yes,No,Not okay,Okay,"

Vawns",For sure no,Not okay,"Very, very bad",,I'm not sure,don't know,Very difficult,"Zarpies,Vawns","Pogoberries,Okinberries",Learning about Zarpies and answering questions about them,29,Female,,White/European American,,High school/GED,Less than high school,no,no,I'm not sure,internalist_biological
10/12/2020 11:18,10/12/2020 11:24,IP Address,71.84.150.235,100,342,TRUE,10/12/2020 11:24,R_1hSbRLUbl4Id1AS,,,,,32.88760376,-97.21320343,anonymous,EN,I do consent to participate,Yes,No,Not okay,Okay,"

Vawns",For sure no,Not okay,"Very, very bad",,i would make a vaccine against the ill effects zarpies experience from eating okinberries,modify Zarpies biology,Very difficult,"Zarpies,Vawns","Pogoberries,Okinberries",Learning about Zarpies and answering questions about them,34,Female,,White/European American,,"Bachelor's (B.A., B.S.)",Some college,,,,internalist_biological
10/12/2020 11:14,10/12/2020 11:24,IP Address,162.210.195.172,100,621,TRUE,10/12/2020 11:24,R_UG9zCrvvKGCg7bb,,,,,38.90339661,-76.98819733,anonymous,EN,I do consent to participate,Yes,No,Not okay,Okay,"

Vawns",For sure no,Not okay,"Very, very bad",,"I would probably make research on what could make the okinberries tatse like pogoberry, so that the Zarpies would be able to eat it ",modify okinberries,Somewhat difficult,"Zarpies,Vawns","Pogoberries,Okinberries",Learning about Zarpies and answering questions about them,45,Male,,White/European American,,"Bachelor's (B.A., B.S.)",High school/GED,,,Understanding individual cognitive process underlying language and social categorization,internalist_cultural
10/12/2020 11:23,10/12/2020 11:27,IP Address,174.215.144.235,100,192,TRUE,10/12/2020 11:27,R_2BxsVwRfQMpvdRC,,,,,33.72239685,-84.52050018,anonymous,EN,I do consent to participate,Yes,No,Not okay,Okay,"

Vawns",Maybe no,Not okay,A little bad,,They need to make friends with the vawns and ask if it's ok to eat okinberries. ,modify Zarpies beliefs/culture,Very easy,"Zarpies,Vawns","Pogoberries,Okinberries",Learning about Zarpies and answering questions about them,32,Female,,White/European American,,High school/GED,High school/GED,None,None,None,internalist_cultural
10/12/2020 11:24,10/12/2020 11:27,IP Address,173.23.142.169,100,229,TRUE,10/12/2020 11:27,R_1H43vOieG4mHj8J,,,,,39.4848938,-88.18049622,anonymous,EN,I do consent to participate,Yes,No,Not okay,Okay,"

Vawns",Maybe no,Okay,,Pretty good,Make sure they aren't allergic to them.,modify Zarpies biology,Somewhat easy,"Zarpies,Vawns","Pogoberries,Okinberries",Learning about Zarpies and answering questions about them,52,Female,,White/European American,,"Bachelor's (B.A., B.S.)",Some college,no problems,nothing I can think of,interpersonal relationships for children??,structural
10/12/2020 11:22,10/12/2020 11:29,IP Address,47.16.153.114,100,399,TRUE,10/12/2020 11:29,R_6hPfXjCspmBGOWt,,,,,40.8822937,-74.21520233,anonymous,EN,I do consent to participate,Yes,No,Not okay,Okay,"

Vawns",For sure no,Okay,,A little good,I would have the Zarpies travel to where the okinberries are to resupply their food stores.,acquire okinberries,Somewhat difficult,"Zarpies,Vawns","Pogoberries,Okinberries",Learning about Zarpies and answering questions about them,37,Female,,White/European American,,"Bachelor's (B.A., B.S.)",High school/GED,,,,structural
10/12/2020 11:32,10/12/2020 11:33,IP Address,73.253.75.176,100,95,TRUE,10/12/2020 11:33,R_yIo0Z6XI9INnWmt,,,,,42.45669556,-71.37470245,anonymous,EN,I do consent to participate,Yes,No,Not okay,Okay,"

Vawns",For sure no,Not okay,"Very, very bad",,I would make a medication that allows them to eat okinberries without any ill effects.,modify Zarpies biology,Very difficult,"Zarpies,Vawns","Pogoberries,Okinberries",Learning about Zarpies and answering questions about them,24,Female,,White/European American,,"Bachelor's (B.A., B.S.)",Some college,,,,internalist_biological
10/12/2020 11:34,10/12/2020 11:37,IP Address,73.153.191.15,100,191,TRUE,10/12/2020 11:37,R_sRMIV6bLCCPLq0h,,,,,39.71279907,-105.0952988,anonymous,EN,I do consent to participate,Yes,No,Not okay,Okay,"

Vawns",Maybe yes,Okay,,Pretty good,ship the okinberries to their part of the planet,acquire okinberries,Very easy,"Zarpies,Vawns","Pogoberries,Okinberries",Learning about Zarpies and answering questions about them,59,Female,,White/European American,,"Bachelor's (B.A., B.S.)",High school/GED,n/a,n/a,I don't know.,structural
10/12/2020 11:33,10/12/2020 11:37,IP Address,73.144.24.143,100,225,TRUE,10/12/2020 11:37,R_1jjLxs5sfdEY5hb,,,,,42.42480469,-83.19509888,anonymous,EN,I do consent to participate,Yes,No,Not okay,Okay,"

Vawns",For sure no,Not okay,"Very, very bad",,Create medicine that will cure the Zarpies if they get sick.,modify Zarpies biology,Very difficult,"Zarpies,Vawns","Pogoberries,Okinberries",Learning about Zarpies and answering questions about them,33,Male,,Black/African American,,High school/GED,High school/GED,,,,internalist_biological
10/12/2020 10:18,10/12/2020 11:37,IP Address,73.140.38.58,100,4780,TRUE,10/12/2020 11:37,R_3QVlOs9tLqXGMud,,,,,47.62980652,-117.3988953,anonymous,EN,I do consent to participate,Yes,No,Not okay,Not okay,"

Vawns",For sure no,Okay,,A little good,I would eat the okinberries in front of the Zarpies to show them they are fine to eat.,modify Zarpies beliefs/culture,Very easy,"Zarpies,Vawns","Pogoberries,Okinberries",Learning about Zarpies and answering questions about them,28,Male,,"White/European American,Asian/Asian American",,Some college,Less than high school,,,How we perceive taboos amongst cultures?,internalist_cultural
10/12/2020 11:35,10/12/2020 11:39,IP Address,66.44.33.169,100,233,TRUE,10/12/2020 11:39,R_3kdqfM19T739zaV,,,,,38.93919373,-77.05840302,anonymous,EN,I do consent to participate,Yes,No,Not okay,Okay,"

Vawns",For sure no,Not okay,Pretty bad,,I would dye the okinberries blue,modify okinberries,Somewhat difficult,"Zarpies,Vawns","Pogoberries,Okinberries",Learning about Zarpies and answering questions about them,30,Female,,White/European American,,"Master's (M.A., M.S.)",Some college,,,,internalist_cultural
10/12/2020 11:49,10/12/2020 11:51,IP Address,128.92.70.35,100,136,TRUE,10/12/2020 11:51,R_d5TJ0mSejdFirVn,,,,,34.89500427,-81.92040253,anonymous,EN,I do consent to participate,Yes,No,Not okay,Okay,"

Vawns",For sure no,Not okay,Pretty bad,,I would change their biology such that they could eat them,modify Zarpies biology,Very difficult,"Zarpies,Vawns","Pogoberries,Okinberries",Learning about Zarpies and answering questions about them,32,Male,,White/European American,,"Bachelor's (B.A., B.S.)",Some college,,,,internalist_biological
10/12/2020 11:49,10/12/2020 11:52,IP Address,198.176.247.51,100,142,TRUE,10/12/2020 11:52,R_YS3kNbHl5ZNrqvL,,,,,39.03970337,-94.59359741,anonymous,EN,I do consent to participate,Yes,No,Not okay,Okay,"

Zarpies",Maybe yes,Okay,,A little good,trade with Vawns,acquire okinberries,Somewhat difficult,"Zarpies,Vawns",Okinberries,Learning about Zarpies and answering questions about them,26,Male,,White/European American,,"Bachelor's (B.A., B.S.)",Some college,no,no,,structural
10/12/2020 12:00,10/12/2020 12:00,IP Address,205.178.67.43,100,3,TRUE,10/12/2020 12:00,R_2c7bdbkM6wqXc8y,,,,,41.90319824,-87.63829803,anonymous,EN,I do NOT consent to participate,,,,,,,,,,,,,,,,,,,,,,,,,,
10/12/2020 12:02,10/12/2020 12:05,IP Address,107.4.50.69,100,226,TRUE,10/12/2020 12:05,R_9zsjQ3LRJx95btT,,,,,42.76860046,-86.11699677,anonymous,EN,I do consent to participate,Yes,No,Not okay,Okay,"

Vawns",Maybe yes,Okay,,Pretty good,"They will need to travel in order to obtain them, so I'd give them a means of transportation.",acquire okinberries,Somewhat difficult,"Zarpies,Vawns","Pogoberries,Okinberries",Learning about Zarpies and answering questions about them,43,Female,,White/European American,,"Bachelor's (B.A., B.S.)",High school/GED,There were no issues.,I can't think of anything to improve it.,Trying to see if we think the creatures can eat different food than they are accustomed to.,structural
10/12/2020 12:01,10/12/2020 12:06,IP Address,72.181.188.194,100,252,TRUE,10/12/2020 12:06,R_so5W3fFpOWs2TO9,,,,,32.91499329,-96.67510223,anonymous,EN,I do consent to participate,No,No,Not okay,Okay,"

Vawns",For sure no,Not okay,"Very, very bad",,I will make them understand that berry is berry,modify Zarpies beliefs/culture,Somewhat difficult,"Zarpies,Vawns","Pogoberries,Okinberries",Learning about Zarpies and answering questions about them,43,Female,,White/European American,,"Master's (M.A., M.S.)",Some college,None,Everything looks good,How we relate or view narrations,internalist_cultural
10/12/2020 12:08,10/12/2020 12:10,IP Address,169.231.120.167,100,129,TRUE,10/12/2020 12:10,R_2TL7nTZaOjjcg53,,,,,34.42160034,-119.7068024,anonymous,EN,I do consent to participate,Yes,No,Not okay,Okay,"

Vawns",For sure no,Not okay,Pretty bad,,Economic trade,acquire okinberries,Somewhat difficult,"Zarpies,Vawns","Pogoberries,Okinberries",Learning about Zarpies and answering questions about them,28,Male,,White/European American,,"Bachelor's (B.A., B.S.)",High school/GED,,,,internalist_biological
10/12/2020 9:39,10/12/2020 12:14,IP Address,191.101.170.27,100,9316,TRUE,10/12/2020 12:14,R_28FIviSk2MP4YyN,,,,,29.80999756,-95.56079865,anonymous,EN,I do consent to participate,Yes,No,Not okay,Okay,"

Vawns",Maybe yes,Okay,,"Very, very good",Buy okinberries from varps,acquire okinberries,Somewhat easy,"Zarpies,Vawns","Pogoberries,Okinberries",Learning about Zarpies and answering questions about them,30,Male,,Black/African American,,"Bachelor's (B.A., B.S.)",Some college,No.,No.,Comprehension,structural
10/12/2020 12:18,10/12/2020 12:20,IP Address,71.195.197.213,100,123,TRUE,10/12/2020 12:20,R_24Iqnj1LMakT71S,,,,,41.08639526,-112.0450974,anonymous,EN,I do consent to participate,Yes,No,Not okay,Okay,"

Vawns",For sure no,Not okay,Pretty bad,,tell them berries aren't lucky or unlucky.,modify Zarpies beliefs/culture,Somewhat difficult,"Zarpies,Vawns","Pogoberries,Okinberries",Learning about Zarpies and answering questions about them,21,Male,,White/European American,,High school/GED,Some college,,,,internalist_cultural
10/12/2020 12:22,10/12/2020 12:26,IP Address,216.254.241.72,100,204,TRUE,10/12/2020 12:26,R_RJoRaSpsfasIOAh,,,,,43.52290344,-96.78600311,anonymous,EN,I do consent to participate,Yes,No,Not okay,Okay,"

Vawns",Maybe no,Okay,,A little good,Make then grow where they live.,acquire okinberries,Somewhat easy,"Zarpies,Vawns","Pogoberries,Okinberries",Learning about Zarpies and answering questions about them,27,Female,,White/European American,,High school/GED,Some college,No.,I wasn't sure if it was implied the berries could be bad for the opposite alien.,How children answer questions of what's okay or possible or not. ,structural
10/12/2020 12:42,10/12/2020 12:45,IP Address,107.77.199.23,100,171,TRUE,10/12/2020 12:45,R_1mIQ15WEFINi504,,,,,32.93789673,-96.83840179,anonymous,EN,I do consent to participate,Yes,No,Not okay,Okay,"

Vawns",For sure no,Not okay,Pretty bad,,some sort of medicine that would make it to where they can eat the okinberries,modify Zarpies biology,Somewhat difficult,"Zarpies,Vawns","Pogoberries,Okinberries",Learning about Zarpies and answering questions about them,31,Male,,White/European American,,"Bachelor's (B.A., B.S.)",Some college,,,,internalist_biological
10/12/2020 12:54,10/12/2020 12:57,IP Address,75.177.104.109,100,177,TRUE,10/12/2020 12:57,R_6stcMgDby0afk89,,,,,36.50019836,-80.61630249,anonymous,EN,I do consent to participate,Yes,No,Not okay,Okay,"

Vawns",For sure no,Not okay,Pretty bad,,make them taste different to them,modify okinberries,Very difficult,"Zarpies,Vawns","Pogoberries,Okinberries",Learning about Zarpies and answering questions about them,39,Female,,White/European American,,"Master's (M.A., M.S.)",High school/GED,no,it was good,no idea,internalist_cultural
10/12/2020 13:07,10/12/2020 13:12,IP Address,74.131.64.193,100,276,TRUE,10/12/2020 13:12,R_1Q47i2Rj87zCEzy,,,,,38.30780029,-85.73590088,anonymous,EN,I do consent to participate,Yes,No,Not okay,Okay,"

Vawns",For sure no,Not okay,Pretty bad,,I would wave my magic wand and turn okinberries into something that Zarpies could eat.,modify okinberries,Very difficult,"Zarpies,Vawns","Pogoberries,Okinberries",Learning about Zarpies and answering questions about them,57,Male,,White/European American,,"Bachelor's (B.A., B.S.)",Some college,No,No,Right and wrong,internalist_biological
10/12/2020 13:19,10/12/2020 13:25,IP Address,68.96.201.216,100,382,TRUE,10/12/2020 13:25,R_1hGTZUm1kF77D2b,,,,,36.1289978,-115.2764969,anonymous,EN,I do consent to participate,Yes,No,Not okay,Okay,"

Vawns",For sure no,Not okay,"Very, very bad",,make it fit to eat,modify okinberries,Very difficult,"Zarpies,Vawns","Pogoberries,Okinberries",Learning about Zarpies and answering questions about them,35,Male,,White/European American,,"Bachelor's (B.A., B.S.)","Bachelor's (B.A., B.S.)",,,,structural
10/12/2020 13:27,10/12/2020 13:30,IP Address,99.110.169.64,100,165,TRUE,10/12/2020 13:30,R_2zezCPApu6cx3kx,,,,,39.95080566,-82.93289948,anonymous,EN,I do consent to participate,Yes,No,Not okay,Okay,"

Vawns",For sure no,Not okay,Pretty bad,,Tell them it's okay to eat okinberries,modify Zarpies beliefs/culture,Somewhat easy,"Zarpies,Vawns","Pogoberries,Okinberries",Learning about Zarpies and answering questions about them,24,Male,,Black/African American,,Some college,High school/GED,,,,internalist_cultural
10/12/2020 13:27,10/12/2020 13:31,IP Address,173.187.5.173,100,275,TRUE,10/12/2020 13:31,R_2BqUJRx3lnVkqx9,,,,,35.11500549,-80.70610046,anonymous,EN,I do consent to participate,Yes,No,Not okay,Okay,"

Vawns",For sure no,Not okay,"Very, very bad",,Perhaps liquefy them to see if they wouldn't get sick then?,modify okinberries,Somewhat easy,"Zarpies,Vawns","Pogoberries,Okinberries",Learning about Zarpies and answering questions about them,45,Male,,White/European American,,Some college,Some college,Nothing was confusing.,I'm not sure...I found that question about the berries more difficult than anticipated though.  I was unsure if I had magic or God-like powers...or if my answer should be more based in reality.,Evaluating children's creativity?,internalist_biological
10/12/2020 13:36,10/12/2020 13:42,IP Address,73.248.230.98,100,311,TRUE,10/12/2020 13:42,R_2YsKmmlevVoin1C,,,,,40.55549622,-74.28549957,anonymous,EN,I do consent to participate,Yes,No,Not okay,Okay,"

Vawns",Maybe yes,Okay,,Pretty good,I would plant okinberries where the Zarpies live.,acquire okinberries,Somewhat easy,"Zarpies,Vawns","Pogoberries,Okinberries",Learning about Zarpies and answering questions about them,31,Male,,White/European American,,Some college,High school/GED,It wasn't confusing.,Nothing I can think of.,Determining what is considered okay or not okay.,structural
10/12/2020 13:49,10/12/2020 13:52,IP Address,173.91.109.51,100,180,TRUE,10/12/2020 13:52,R_3QQrdEMjA0JibML,,,,,41.42959595,-82.20469666,anonymous,EN,I do consent to participate,Yes,No,Not okay,Okay,"

Vawns",For sure no,Not okay,Pretty bad,,Make them feel ok after they eat okinberries. ,ambiguous,Very easy,"Zarpies,Vawns","Pogoberries,Okinberries",Learning about Zarpies and answering questions about them,36,Male,,White/European American,,Some college,High school/GED,,,,internalist_biological
10/12/2020 13:52,10/12/2020 13:58,IP Address,75.117.205.167,100,374,TRUE,10/12/2020 13:58,R_8B8HWZgIIV3P9sd,,,,,37.29829407,-83.19120026,anonymous,EN,I do consent to participate,Yes,No,Not okay,Okay,"

Vawns",For sure no,Okay,,A little good,Make them grow on their side of the planet.,acquire okinberries,Somewhat difficult,"Zarpies,Vawns","Pogoberries,Okinberries",Learning about Zarpies and answering questions about them,29,Female,,White/European American,,High school/GED,High school/GED,,,,structural
10/12/2020 13:54,10/12/2020 13:59,IP Address,174.255.64.20,100,291,TRUE,10/12/2020 13:59,R_2TBqIWQF1OFqpb2,,,,,42.35620117,-71.06310272,anonymous,EN,I do consent to participate,Yes,No,Not okay,Okay,"

Zarpies",For sure yes,Not okay,Pretty bad,,It will be lucky,modify Zarpies beliefs/culture,Somewhat difficult,"Zarpies,Vawns,Hibbles","Pogoberries,Okinberries",Learning about Zarpies and answering questions about them,35,Male,,White/European American,,Some college,High school/GED,No,No,Unsure,internalist_cultural
10/12/2020 13:39,10/12/2020 14:06,IP Address,50.25.69.85,100,1615,TRUE,10/12/2020 14:06,R_2VkYwzgHByPVst2,,,,,37.71890259,-82.19309998,anonymous,EN,I do consent to participate,Yes,Yes,Not okay,Okay,"

Vawns",For sure no,Not okay,A little bad,,Make a public service announcement that they are in a state of emergency and there is no choice but to eat okinberries until further notice.,modify Zarpies beliefs/culture,Somewhat easy,"Zarpies,Vawns","Pogoberries,Okinberries",Learning about Zarpies and answering questions about them,60,Female,,White/European American,,Some college,High school/GED,,,,internalist_cultural
10/12/2020 14:05,10/12/2020 14:09,IP Address,99.21.146.37,100,275,TRUE,10/12/2020 14:09,R_Wlcg4gaJGGPkUlH,,,,,38.58790588,-121.405304,anonymous,EN,I do consent to participate,Yes,No,Not okay,Okay,"

Vawns",For sure no,Not okay,"Very, very bad",,I would make them not allergic.,modify Zarpies biology,Somewhat easy,"Zarpies,Vawns","Pogoberries,Okinberries",Learning about Zarpies and answering questions about them,53,Female,,"White/European American,Black/African American",,Some college,Some college,There were no problems.,I can't think of anything. The characters were so cute though.,I'm not sure except to see if simple language is understandable somehow.,internalist_biological
10/12/2020 14:12,10/12/2020 14:14,IP Address,50.106.224.74,100,102,TRUE,10/12/2020 14:14,R_1Cpehmrud0SAovv,,,,,40.46929932,-88.94239807,anonymous,EN,I do consent to participate,Yes,No,Not okay,Okay,"

Vawns",Maybe yes,Okay,,A little good,tell them they're not bad luck,modify Zarpies beliefs/culture,Very easy,"Zarpies,Vawns","Pogoberries,Okinberries",Learning about Zarpies and answering questions about them,31,Female,,White/European American,,"Bachelor's (B.A., B.S.)",High school/GED,,,,internalist_cultural
10/12/2020 14:18,10/12/2020 14:27,IP Address,99.75.53.174,100,490,TRUE,10/12/2020 14:27,R_2rBl524SOSr0mLu,,,,,42.02209473,-88.17050171,anonymous,EN,I do consent to participate,Yes,No,Not okay,Okay,"

Vawns",Maybe no,Okay,,Pretty good,Offer money for okinberry seeds.,acquire okinberries,Somewhat easy,"Zarpies,Vawns","Pogoberries,Okinberries",Learning about Zarpies and answering questions about them,26,Male,,Click to write Choice 7,,Some college,High school/GED,,,,structural
10/12/2020 14:24,10/12/2020 14:28,IP Address,24.73.29.116,100,224,TRUE,10/12/2020 14:28,R_2SkHxNATbP0wQUV,,,,,28.32989502,-82.28500366,anonymous,EN,I do consent to participate,Yes,No,Not okay,Okay,"

Zarpies",For sure no,Not okay,"Very, very bad",,Maybe breed them with the other type of alien so that they can eat the okinberries.,modify Zarpies biology,Somewhat difficult,"Zarpies,Vawns","Pogoberries,Okinberries",Learning about Zarpies and answering questions about them,30,Male,,Black/African American,,Some college,High school/GED,,,,internalist_biological
10/12/2020 14:28,10/12/2020 14:31,IP Address,73.173.103.253,100,156,TRUE,10/12/2020 14:31,R_12ydWu5qOROCEXy,,,,,39.21240234,-76.87760162,anonymous,EN,I do consent to participate,Yes,No,Not okay,Okay,"

Vawns",For sure no,Not okay,Pretty bad,,Change the way that the Zarpies digestive system functions to enable them to eat okinberries.,modify Zarpies biology,Very difficult,"Zarpies,Vawns","Pogoberries,Okinberries",Learning about Zarpies and answering questions about them,26,Male,,White/European American,,"Bachelor's (B.A., B.S.)","Bachelor's (B.A., B.S.)",,,,internalist_biological
10/12/2020 14:27,10/12/2020 14:32,IP Address,64.145.93.154,100,325,TRUE,10/12/2020 14:32,R_vpL5NXISRC8VMel,,,,,37.75100708,-97.8219986,anonymous,EN,I do consent to participate,Yes,No,Not okay,Okay,"

Vawns",For sure no,Not okay,Pretty bad,,i would paint the okinberries to the colors of pokoberries. ,modify okinberries,Somewhat easy,"Zarpies,Vawns","Pogoberries,Okinberries",Learning about Zarpies and answering questions about them,31,Male,,White/European American,,"Bachelor's (B.A., B.S.)",Some college,,,,internalist_cultural
10/12/2020 14:31,10/12/2020 14:33,IP Address,98.220.230.70,100,104,TRUE,10/12/2020 14:33,R_23V886zGLzzCmxT,,,,,42.04870605,-87.89050293,anonymous,EN,I do consent to participate,Yes,No,Not okay,Okay,"

Vawns",For sure no,Okay,,A little good,Transport the okinberries to their planet. ,acquire okinberries,Very difficult,"Zarpies,Vawns","Pogoberries,Okinberries",Learning about Zarpies and answering questions about them,25,Male,,White/European American,,"Bachelor's (B.A., B.S.)",High school/GED,,,,structural
10/12/2020 14:34,10/12/2020 14:34,IP Address,69.117.190.55,100,4,TRUE,10/12/2020 14:34,R_PGyl5b7JL3Bphfz,,,,,40.92410278,-74.51399994,anonymous,EN,I do NOT consent to participate,,,,,,,,,,,,,,,,,,,,,,,,,,
10/12/2020 14:33,10/12/2020 14:36,IP Address,50.83.232.150,100,201,TRUE,10/12/2020 14:36,R_2Bs2pH8rH9RqbNG,,,,,36.88059998,-88.35479736,anonymous,EN,I do consent to participate,Yes,No,Not okay,Okay,"

Vawns",Maybe yes,Okay,,A little good,convince the Zarpies that there is no such thing as bad luck,modify Zarpies beliefs/culture,Very difficult,"Zarpies,Vawns","Pogoberries,Okinberries",Learning about Zarpies and answering questions about them,33,Male,,White/European American,,"Bachelor's (B.A., B.S.)",High school/GED,,,,internalist_cultural
10/12/2020 14:32,10/12/2020 14:43,IP Address,67.85.86.64,100,657,TRUE,10/12/2020 14:43,R_2AKDh3AbpItoJTY,,,,,40.85470581,-73.92179871,anonymous,EN,I do consent to participate,Yes,No,Not okay,Okay,"

Vawns",For sure no,Not okay,"Very, very bad",,I would process the Okinberries in a way that it won't make Zarpies ill.,modify okinberries,Somewhat easy,"Zarpies,Vawns","Pogoberries,Okinberries",Learning about Zarpies and answering questions about them,51,Male,,Latino/Latina,,Some college,Some college,Nothing was confusing.,,Perceptions of food choices.,internalist_biological
10/12/2020 14:43,10/12/2020 14:50,IP Address,170.10.187.43,100,393,TRUE,10/12/2020 14:50,R_Qm1XAB6zQ9CruW5,,,,,36.1835022,-94.17620087,anonymous,EN,I do consent to participate,Yes,No,Not okay,Okay,"

Vawns",For sure no,Not okay,Pretty bad,,I would alter the state of the okinberry so that it becomes safe for Zarples to eat.,modify okinberries,Somewhat difficult,"Zarpies,Vawns","Pogoberries,Okinberries",Learning about Zarpies and answering questions about them,39,Male,,Black/African American,,High school/GED,High school/GED,There were no problems experienced with the study.,"No, not in particular.",I'm not completely sure for certain.,internalist_biological
10/12/2020 14:49,10/12/2020 14:51,IP Address,47.205.85.22,100,158,TRUE,10/12/2020 14:51,R_ZCDsPSBnHGMQAiB,,,,,28.30220032,-82.62640381,anonymous,EN,I do consent to participate,Yes,No,Not okay,Okay,"

Vawns",For sure no,Okay,,A little good,Tell everyone that eating any kind of berry does not cause a change in luck.,modify Zarpies beliefs/culture,Very easy,"Zarpies,Vawns","Pogoberries,Okinberries",Learning about Zarpies and answering questions about them,34,Male,,White/European American,,High school/GED,High school/GED,no,no,i am not sure,internalist_cultural
10/12/2020 14:47,10/12/2020 14:52,IP Address,107.185.127.75,100,259,TRUE,10/12/2020 14:52,R_2VpPCfEF4NoKZPe,,,,,33.96749878,-118.1464005,anonymous,EN,I do consent to participate,Yes,No,Not okay,Okay,"

Vawns",Maybe yes,Okay,,Pretty good,The zarpies need to move to travel to the area of the planet where okinberries grow,acquire okinberries,Somewhat difficult,"Zarpies,Vawns","Pogoberries,Okinberries",Learning about Zarpies and answering questions about them,23,Male,,Latino/Latina,,Some college,High school/GED,,,,structural
10/12/2020 14:49,10/12/2020 14:56,IP Address,23.119.175.212,100,439,TRUE,10/12/2020 14:56,R_2yeeW0rOojwjavO,,,,,29.6730957,-95.58560181,anonymous,EN,I do consent to participate,Yes,No,Not okay,Okay,"

Vawns",For sure no,Not okay,A little bad,,I would tell them that eating okinberries does not bring bad luck.,modify Zarpies beliefs/culture,Somewhat easy,"Zarpies,Vawns","Pogoberries,Okinberries",Learning about Zarpies and answering questions about them,33,Male,,Latino/Latina,,High school/GED,High school/GED,,,,internalist_cultural
10/12/2020 15:02,10/12/2020 15:05,IP Address,100.14.142.186,100,140,TRUE,10/12/2020 15:05,R_1fcKnyaPTDMsRtM,,,,,39.15890503,-75.58779907,anonymous,EN,I do consent to participate,Yes,No,Not okay,Okay,"

Vawns",Maybe yes,Okay,,Pretty good,Plant the berries on that side of the planet.,acquire okinberries,Somewhat difficult,"Zarpies,Vawns","Pogoberries,Okinberries",Learning about Zarpies and answering questions about them,30,Male,,White/European American,,Some college,Some college,,,,structural
10/12/2020 15:05,10/12/2020 15:07,IP Address,24.10.102.176,100,107,TRUE,10/12/2020 15:07,R_2dv7bxwqfil67S4,,,,,38.46890259,-121.3440018,anonymous,EN,I do consent to participate,Yes,No,Not okay,Okay,"

Vawns",For sure no,Not okay,"Very, very bad",,cook them,modify okinberries,Somewhat easy,"Zarpies,Vawns","Pogoberries,Okinberries",Learning about Zarpies and answering questions about them,30,Female,,White/European American,,Some college,Some college,,,,internalist_biological
10/12/2020 15:04,10/12/2020 15:08,IP Address,68.101.151.45,100,256,TRUE,10/12/2020 15:08,R_2tbuSmBjLE2vnD9,,,,,32.97279358,-117.0379028,anonymous,EN,I do consent to participate,Yes,No,Not okay,Okay,"

Vawns",For sure no,Not okay,"Very, very bad",,i would remove their superstition about the okinberries so they can eat them without worrying,modify Zarpies beliefs/culture,Somewhat easy,"Zarpies,Vawns","Pogoberries,Okinberries",Learning about Zarpies and answering questions about them,37,Female,,White/European American,,High school/GED,Some college,no,i enjoyed as is,comprehension for kids,internalist_cultural
10/12/2020 15:03,10/12/2020 15:08,IP Address,67.183.235.220,100,300,TRUE,10/12/2020 15:08,R_3kzl8Zc6jHw345t,,,,,47.7940979,-122.3065948,anonymous,EN,I do consent to participate,Yes,No,Not okay,Okay,"

Vawns",For sure no,Not okay,"Very, very bad",,Change the okinberries so the Zarpies are able to eat them. ,modify okinberries,Somewhat difficult,"Zarpies,Vawns","Pogoberries,Okinberries",Learning about Zarpies and answering questions about them,47,Female,,White/European American,,Some college,Some college,I didn't have any problems. ,I thought the survey was fine. I don't think it needs to be changed. ,How easy it was for you to learn about Zarpies and remember what they eat. ,internalist_biological
10/12/2020 15:14,10/12/2020 15:14,IP Address,23.252.189.45,100,14,TRUE,10/12/2020 15:14,R_3kzcEfdARq058CA,,,,,37.92269897,-83.26100159,anonymous,EN,I do NOT consent to participate,,,,,,,,,,,,,,,,,,,,,,,,,,
10/12/2020 15:11,10/12/2020 15:20,IP Address,73.227.222.115,100,565,TRUE,10/12/2020 15:20,R_BMx6rW9Q9ZSeGOt,,,,,41.27760315,-72.81150055,anonymous,EN,I do consent to participate,Yes,No,Not okay,Okay,"

Vawns",Maybe yes,Okay,,Pretty good,make them no longer believe it is bad luck to eat them.,modify Zarpies beliefs/culture,Very difficult,"Zarpies,Vawns","Pogoberries,Okinberries",Learning about Zarpies and answering questions about them,35,Male,,White/European American,,"Bachelor's (B.A., B.S.)",Some college,,,,internalist_cultural
10/12/2020 15:16,10/12/2020 15:21,IP Address,47.224.50.72,100,330,TRUE,10/12/2020 15:21,R_3GfbyoAQNlW72qt,,,,,45.44050598,-84.79239655,anonymous,EN,I do consent to participate,Yes,No,Not okay,Okay,"

Vawns",Maybe no,Okay,,"Very, very good",I would give them a supply of okinberries to get them through to next harvest.,ambiguous,Very difficult,"Zarpies,Vawns","Pogoberries,Okinberries",Learning about Zarpies and answering questions about them,44,Male,,White/European American,,"Bachelor's (B.A., B.S.)",Some college,No issues.,It's fine as is.,It was about differences and choices.,structural
10/12/2020 15:25,10/12/2020 15:28,IP Address,98.165.232.147,100,147,TRUE,10/12/2020 15:28,R_3sic9uaca6XveRR,,,,,33.31239319,-111.9195023,anonymous,EN,I do consent to participate,Yes,No,Not okay,Okay,"

Vawns",Maybe no,Okay,,Pretty good,I would provide seeds so the Zarpies can farm okinberries.,acquire okinberries,Very easy,"Zarpies,Vawns","Pogoberries,Okinberries",Learning about Zarpies and answering questions about them,25,Female,,White/European American,,Some college,Some college,,,,structural
10/12/2020 15:25,10/12/2020 15:30,IP Address,66.191.255.194,100,286,TRUE,10/12/2020 15:30,R_3HZySalF5JJLMcE,,,,,36.54910278,-82.55840302,anonymous,EN,I do consent to participate,Yes,No,Not okay,Okay,"

Zarpies",For sure no,Not okay,"Very, very bad",,help figure out a way that they could eat okinberries without getting sick,ambiguous,Somewhat difficult,"Zarpies,Vawns","Pogoberries,Okinberries",Learning about Zarpies and answering questions about them,38,Female,,Latino/Latina,,High school/GED,High school/GED,none,nothing,figuring out two aliens on a planet,internalist_biological
10/12/2020 15:35,10/12/2020 15:40,IP Address,71.245.8.141,100,334,TRUE,10/12/2020 15:40,R_3sncrlzb1iHM28A,,,,,40.79769897,-77.04679871,anonymous,EN,I do consent to participate,Yes,No,Not okay,Okay,"

Vawns",For sure no,Not okay,"Very, very bad",,I would make them not get sick from them.,modify Zarpies biology,Somewhat difficult,"Zarpies,Vawns","Pogoberries,Okinberries",Learning about Zarpies and answering questions about them,31,Female,,White/European American,,High school/GED,High school/GED,no,no,not sure,internalist_biological
10/12/2020 15:33,10/12/2020 15:42,IP Address,70.188.28.167,100,583,TRUE,10/12/2020 15:42,R_1DOrp5V9GrRnuh6,,,,,37.30290222,-79.93219757,anonymous,EN,I do consent to participate,Yes,No,Not okay,Okay,"

Vawns",Maybe yes,Okay,,"Very, very good",I would make a crop of okinberries large enough to feed them all.,ambiguous,Very difficult,"Zarpies,Vawns","Pogoberries,Okinberries",Learning about Zarpies and answering questions about them,56,Female,,White/European American,,Some college,High school/GED,No,It was cute,Students learning to make decisions based on multiple items.,internalist_cultural
10/12/2020 16:23,10/12/2020 16:27,IP Address,75.40.24.179,100,221,TRUE,10/12/2020 16:27,R_3KAQYyCoUNPbcno,,,,,32.56069946,-84.8572998,anonymous,EN,I do consent to participate,Yes,No,Not okay,Okay,"

Vawns",For sure no,Okay,,"Very, very good",send okinberries to the Zarpies,acquire okinberries,Somewhat difficult,"Zarpies,Vawns","Pogoberries,Okinberries",Learning about Zarpies and answering questions about them,66,Male,,White/European American,,"Master's (M.A., M.S.)",Some college,none,no,no idea,structural
10/12/2020 16:51,10/12/2020 16:57,IP Address,72.217.117.112,100,357,TRUE,10/12/2020 16:57,R_1daFZ8Rqs1gux99,,,,,32.17070007,-110.9719009,anonymous,EN,I do consent to participate,Yes,No,Not okay,Okay,"

Vawns",For sure no,Not okay,A little bad,,Change their belief about okinberries,modify Zarpies beliefs/culture,Somewhat difficult,Zarpies,Okinberries,Learning about Zarpies and answering questions about them,70,Female,,White/European American,,Some college,Some college,no,no,not sure don't know,internalist_cultural
10/12/2020 17:15,10/12/2020 17:19,IP Address,66.215.22.182,100,278,TRUE,10/12/2020 17:19,R_3HRKiTnUeSVdi8n,,,,,34.09150696,-118.1306992,anonymous,EN,I do consent to participate,Yes,No,Not okay,Okay,"

Vawns",For sure no,Not okay,"Very, very bad",,Establish hospitals on the planet so that Zarpies can receive treatment on their inevitable sickness. ,ambiguous,Somewhat difficult,"Zarpies,Vawns","Pogoberries,Okinberries",Learning about Zarpies and answering questions about them,31,Male,,Click to write Choice 8,,"Doctoral (Ph.D., J.D., M.D.)",High school/GED,No.,N/A,Evaluating ethics through the scope of children's books.,internalist_biological
10/12/2020 18:42,10/12/2020 18:53,IP Address,99.26.145.157,100,640,TRUE,10/12/2020 18:53,R_3j6uomHxTqvsJCT,,,,,33.90750122,-117.7865982,anonymous,EN,I do consent to participate,Yes,No,Not okay,Okay,"

Vawns",Maybe yes,Not okay,A little bad,,"I'd change the stomachs on the Zarpies, so that their stomachs can digest the okinberries, like the Vawns can.",modify Zarpies biology,Very difficult,"Zarpies,Vawns","Pogoberries,Okinberries",Learning about Zarpies and answering questions about them,39,Female,,White/European American,,Some college,Some college,"It stated, earlier in the study that this study was hoping for a child to read it, so the wording was geared towards a child. Does that mean you want a child to help do this survey? That part was a little unclear for me.",,To see how children would answer this story about aliens.,structural
10/12/2020 19:02,10/12/2020 19:05,IP Address,73.169.1.218,100,142,TRUE,10/12/2020 19:05,R_wRviZsF3GkIrI9H,,,,,39.61239624,-104.8804016,anonymous,EN,I do consent to participate,Yes,No,Not okay,Okay,"

Vawns",For sure no,Not okay,Pretty bad,,I would change the coloring so they couldn't tell.,modify okinberries,Somewhat easy,"Zarpies,Vawns","Pogoberries,Okinberries",Learning about Zarpies and answering questions about them,20,Male,,White/European American,,Some college,Some college,,,,internalist_cultural
10/12/2020 21:15,10/12/2020 21:20,IP Address,72.181.194.47,100,275,TRUE,10/12/2020 21:20,R_2D7iLeuAj88FXuE,,,,,32.82310486,-96.96679688,anonymous,EN,I do consent to participate,Yes,No,Not okay,Okay,"

Vawns",Maybe no,Not okay,"Very, very bad",,i dont know,don't know,Somewhat easy,"Zarpies,Vawns","Pogoberries,Okinberries",Learning about Zarpies and answering questions about them,39,Female,,White/European American,,"Bachelor's (B.A., B.S.)",High school/GED,"no, its a good study",yes it can be more user friendly,a social experiment study,internalist_biological
10/12/2020 21:27,10/12/2020 21:28,IP Address,72.229.168.172,100,21,TRUE,10/12/2020 21:28,R_xlNFJU6eCxU1xJL,,,,,40.72599792,-73.84799957,anonymous,EN,I do NOT consent to participate,,,,,,,,,,,,,,,,,,,,,,,,,,
10/12/2020 21:31,10/12/2020 21:37,IP Address,72.229.168.172,100,358,TRUE,10/12/2020 21:37,R_2WNCN8qQIDKaZUA,,,,,40.72599792,-73.84799957,anonymous,EN,I do consent to participate,Yes,No,Not okay,Okay,"

Vawns",For sure no,Not okay,Pretty bad,,Invade the other aliens and force them to share their okinberries ,acquire okinberries,Very difficult,"Zarpies,Vawns","Pogoberries,Okinberries",Learning about Zarpies and answering questions about them,23,Female,,Black/African American,,"Bachelor's (B.A., B.S.)",High school/GED,nope,nope,"maybe to see peoples morality when it comes to making decisions . Because the questions prior mentioned it is wrong to steal , but the Zarpies dont steal or take the berries from the other aliens they will starve to death.",structural
10/12/2020 21:38,10/12/2020 21:45,IP Address,73.219.249.59,100,434,TRUE,10/12/2020 21:45,R_3LX8s4dxA8YRuXM,,,,,42.24630737,-70.99720001,anonymous,EN,I do consent to participate,Yes,No,Not okay,Okay,"

Vawns",Maybe yes,Okay,,Pretty good,I would make sure there is an abundant supply of okinberries for the Zarpies to eat.,acquire okinberries,Somewhat difficult,"Zarpies,Vawns","Pogoberries,Okinberries",Learning about Zarpies and answering questions about them,33,Male,,Click to write Choice 8,,"Bachelor's (B.A., B.S.)",Some college,There were no issues.,Everything went smoothly so I currently have no suggestions for improvement.,This study was possibly about a learning module.,structural
10/12/2020 21:37,10/12/2020 22:41,IP Address,73.22.31.16,100,3800,TRUE,10/12/2020 22:41,R_3mkSxzKuratRnvB,,,,,40.10159302,-88.28220367,anonymous,EN,I do consent to participate,Yes,No,Okay,Okay,"

Vawns",For sure no,Not okay,Pretty bad,,If you not this food ask there action,other,Very easy,Glerks,Pogoberries,Writing an essay about the political views of Zarpies,30,Male,,Black/African American,,"Bachelor's (B.A., B.S.)","Bachelor's (B.A., B.S.)",no problems,well,good,internalist_cultural
10/13/2020 3:27,10/13/2020 3:30,IP Address,98.199.33.227,100,155,TRUE,10/13/2020 3:30,R_2OMATI6w89azdqS,,,,,29.86360168,-95.20539856,anonymous,EN,I do consent to participate,Yes,No,Not okay,Okay,"

Vawns",For sure no,Not okay,"Very, very bad",,Mix them with something so they can eat it.,modify okinberries,Very easy,"Zarpies,Vawns","Pogoberries,Okinberries",Learning about Zarpies and answering questions about them,24,Male,,Click to write Choice 7,,Some college,Some college,No.,No.,Seeing how the story was to us and see if we thought kids could understand.,internalist_biological
