StartDate,EndDate,Status,IPAddress,Progress,Duration (in seconds),Finished,RecordedDate,ResponseId,RecipientLastName,RecipientFirstName,RecipientEmail,ExternalReference,LocationLatitude,LocationLongitude,DistributionChannel,UserLanguage,consent,acceptability,acceptability_notOk,acceptability_ok,diff,pref_predict,switched_context,expl_rate_1,expl_rate_2,expl_rate_3,intervention,intervention_coded,intervention_diff,check_group,check_job,check_task,age,gender,gender_4_TEXT,race,race_15_TEXT,education,ses,debrief_1,debrief_3,condition
Start Date,End Date,Response Type,IP Address,Progress,Duration (in seconds),Finished,Recorded Date,Response ID,Recipient Last Name,Recipient First Name,Recipient Email,External Data Reference,Location Latitude,Location Longitude,Distribution Channel,User Language,"STUDY TITLE: Comparison processing in children

 

PROTOCOL DIRECTOR:  Marianna Zhang

 

DESCRIPTION:  You are invited to participate in a research study on language and social categories. You will be asked to read short sentences, read short excerpts from children’s books, answer short questions, produce or select sentences, rate items on various traits, or produce descriptions of items. You may see material intended for children – we are interested in how adults think about the same material. The purpose of this research is to understand the cognitive processes underlying language and social categorization. 

 

TIME INVOLVEMENT:  Your participation will take approximately 4-5 minutes.

 

RISKS AND BENEFITS:  There are no risks associated with this study.  No benefits may reasonably be expected to result from this study. We cannot and do not guarantee or promise that you will receive any benefits from this study.

 

PAYMENTS:  You will receive $0.66 through Amazon Payments as payment for your participation.

 

SUBJECT'S RIGHTS:  If you have read this form and have decided to participate in this project, please understand your participation is voluntary and you have the right to withdraw your consent or discontinue participation at any time without penalty or loss of benefits to which you are otherwise entitled.  The alternative is not to participate.  You have the right to refuse to answer particular questions.  Your individual privacy will be maintained in all published and written data resulting from the study.  No personally identifying information is ever revealed to the researchers.

 

CONTACT INFORMATION:

Questions:  If you have any questions, concerns or complaints about this research, its procedures, risks and benefits, contact the Protocol Director, Marianna Zhang, at stanford.markman.lab@gmail.com.

 

Independent Contact:  If you are not satisfied with how this study is being conducted, or if you have any concerns, complaints, or general questions about the research or your rights as a participant, please contact the Stanford Institutional Review Board (IRB) to speak to someone independent of the research team at (650) 723-2480 or toll free at 1-866-680-2906.  You can also write to the Stanford IRB, Stanford University, 3000 El Camino Real, Five Palo Alto Square, 4th Floor, Palo Alto, CA 94306.

 

Please print a copy of this page for your records.

 

If you agree to participate in this research, please complete and submit the following questionnaire.",Is it okay or not okay that Zarpies mostly work as aquafruit farmers and Vawns mostly work as distrbution managers?,"Is it a little bad, pretty bad, or very, very bad?","Is it a little good, pretty good, or very, very good?",Are Zarpies and Vawns more similar or more different from each other?,This Zarpie wants to become a distribution manager. How likely is it that they actually do become a distribution manager?,"Look, here's another Zarpie! 

 

This Zarpie does not live on the island of Zarpies and Vawns. This Zarpie was born and raised in a different island country, with a different government, different employment policies, and different groups of people. They live and work in that different island country.


  
What job do you think this Zarpie works in their country?","A reporter asks the island government why many Zarpies work as aquafruit farmers.



How satisfying would you rate each of these possible explanations provided by the government? - ""Zarpies prefer to work as aquafruit farmers.""","A reporter asks the island government why many Zarpies work as aquafruit farmers.



How satisfying would you rate each of these possible explanations provided by the government? - ""Zarpies are best-suited to working as aquafruit farmers.""","A reporter asks the island government why many Zarpies work as aquafruit farmers.



How satisfying would you rate each of these possible explanations provided by the government? - ""Zarpies have few other options than to be aquafruit farmers.""","The island government would like to get more Zarpies to work as distribution managers, rather than aquafruit farmers.

 

If you could make anything happen, what would you do to get the Zarpies to work as distribution managers? 

 

Please list 1 specific action you would do, and please be as specific as possible. The more specific you can be, the better. What would you do/change and how?",,How easy or difficult would it be to do the action you suggested above?,"In this task, what groups were mentioned? Check all groups mentioned.","In this task, what jobs were mentioned? Check all jobs mentioned.",This task involved:,How old are you? Please enter your age in years:,How would you describe your gender identity? - Selected Choice,"How would you describe your gender identity? - Prefer to self-describe, please specify: - Text",How would you describe your racial or ethnic identity? - Selected Choice,"How would you describe your racial or ethnic identity? - Some other racial/ethnic identity, please specify: - Text",What is the highest level of education you have completed?,Which social class group do you identify with?,"We may make changes to this task for future participants, so we would appreciate any feedback below! (optional) - Did you have any problems or confusion with this task? Could anything be improved?","We may make changes to this task for future participants, so we would appreciate any feedback below! (optional) - What do you think this study is about?",condition
"{""ImportId"":""startDate"",""timeZone"":""America/Los_Angeles""}","{""ImportId"":""endDate"",""timeZone"":""America/Los_Angeles""}","{""ImportId"":""status""}","{""ImportId"":""ipAddress""}","{""ImportId"":""progress""}","{""ImportId"":""duration""}","{""ImportId"":""finished""}","{""ImportId"":""recordedDate"",""timeZone"":""America/Los_Angeles""}","{""ImportId"":""_recordId""}","{""ImportId"":""recipientLastName""}","{""ImportId"":""recipientFirstName""}","{""ImportId"":""recipientEmail""}","{""ImportId"":""externalDataReference""}","{""ImportId"":""locationLatitude""}","{""ImportId"":""locationLongitude""}","{""ImportId"":""distributionChannel""}","{""ImportId"":""userLanguage""}","{""ImportId"":""QID64""}","{""ImportId"":""QID44""}","{""ImportId"":""QID103""}","{""ImportId"":""QID122""}","{""ImportId"":""QID126""}","{""ImportId"":""QID93""}","{""ImportId"":""QID117""}","{""ImportId"":""QID135_1""}","{""ImportId"":""QID135_2""}","{""ImportId"":""QID135_8""}","{""ImportId"":""QID85_TEXT""}",,"{""ImportId"":""QID112""}","{""ImportId"":""QID74""}","{""ImportId"":""QID87""}","{""ImportId"":""QID67""}","{""ImportId"":""QID68_TEXT""}","{""ImportId"":""QID69""}","{""ImportId"":""QID69_4_TEXT""}","{""ImportId"":""QID70""}","{""ImportId"":""QID70_15_TEXT""}","{""ImportId"":""QID71""}","{""ImportId"":""QID86""}","{""ImportId"":""QID72_1""}","{""ImportId"":""QID72_3""}","{""ImportId"":""condition""}"
3/13/2021 19:28,3/13/2021 19:31,IP Address,173.93.119.198,100,182,TRUE,3/13/2021 19:31,R_3paGIKt8jRsvY5J,,,,,34.15699768,-77.91359711,anonymous,EN,I do consent to participate,Okay,,A little good,Somewhat different,Likely no,Likely different job,Not at all satisfying,Slightly satisfying,Somewhat satisfying,I would have the vawns teach them how to do the role.,provide job training to group,Somewhat easy,"Zarpies,Vawns","Aquafruit farmer,Distribution manager",Learning about Zarpies and answering questions about them,21,Male,,"White, Caucasian, or European American",,"Bachelor's (B.A., B.S.)",Middle class,,,biological_pos
3/13/2021 19:29,3/13/2021 19:33,IP Address,98.13.206.161,100,221,TRUE,3/13/2021 19:33,R_2UXxOlKOrFEhMrE,,,,,40.71490479,-73.98930359,anonymous,EN,I do consent to participate,Not okay,A little bad,,Somewhat different,Likely no,Likely aquafruit farmer,Slightly satisfying,Not at all satisfying,Not at all satisfying,Have a free seminar schedule about disabusing them of their negative view of distribution jobs,change group beliefs/culture,Somewhat easy,"Zarpies,Vawns","Aquafruit farmer,Distribution manager",Learning about Zarpies and answering questions about them,47,Male,,"White, Caucasian, or European American",,Some college,Working class,,,cultural_neg
3/13/2021 19:30,3/13/2021 19:33,IP Address,104.162.236.120,100,168,TRUE,3/13/2021 19:33,R_3nViFgOaAQbCT24,,,,,40.74940491,-73.96640015,anonymous,EN,I do consent to participate,Okay,,Pretty good,Somewhat different,Likely no,Likely different job,Slightly satisfying,Somewhat satisfying,Slightly satisfying,I would start a management training program that's catered for Zarpies.,provide job training to group,Somewhat difficult,"Zarpies,Vawns","Aquafruit farmer,Distribution manager",Learning about Zarpies and answering questions about them,30,Male,,East Asian,,"Bachelor's (B.A., B.S.)",Working class,,,cultural_pos
3/13/2021 19:30,3/13/2021 19:33,IP Address,74.68.78.214,100,194,TRUE,3/13/2021 19:33,R_cNiPuiQPi6iyDqV,,,,,40.62950134,-74.09380341,anonymous,EN,I do consent to participate,Okay,,A little good,Very different,For sure no,Likely different job,Very satisfying,Not at all satisfying,Not at all satisfying,I would set aside a certain amount of distribution manager positions for any Zarpies that qualify to become distribution managers,create more jobs or access to jobs,Somewhat difficult,"Zarpies,Vawns","Aquafruit farmer,Distribution manager",Learning about Zarpies and answering questions about them,33,Male,,South or Southeast Asian,,"Doctoral (Ph.D., J.D., M.D.)",Middle class,No,Inequality,cultural_neg
3/13/2021 19:30,3/13/2021 19:33,IP Address,23.126.50.57,100,221,TRUE,3/13/2021 19:33,R_1o6Di1mhbcTpaSI,,,,,32.89639282,-96.8635025,anonymous,EN,I do consent to participate,Not okay,"Very, very bad",,Very similar,For sure no,For sure different job,Not at all satisfying,Not at all satisfying,Somewhat satisfying,"I would streamline the complicated paperwork, so that it is easier to fill out and require that both groups need to fill it out to be employed as a distribution manager. ",create more jobs or access to jobs,Very difficult,"Zarpies,Vawns","Aquafruit farmer,Distribution manager",Learning about Zarpies and answering questions about them,31,Male,,"White, Caucasian, or European American",,"Doctoral (Ph.D., J.D., M.D.)",Middle class,No,About how to transform income inequality in a meaningful way,structural
3/13/2021 19:30,3/13/2021 19:33,IP Address,70.185.210.25,100,199,TRUE,3/13/2021 19:33,R_9uhuLIUkZaokv8B,,,,,35.94630432,-95.8757019,anonymous,EN,I do consent to participate,Okay,,Pretty good,Somewhat different,Likely no,Likely aquafruit farmer,Very satisfying,Somewhat satisfying,Slightly satisfying,I would promise the Zarpies an extra monetary bonus if they switch to distribution managers,change job wages or value,Somewhat easy,"Zarpies,Vawns","Aquafruit farmer,Distribution manager",Learning about Zarpies and answering questions about them,19,Male,,"White, Caucasian, or European American",,Some college,Middle class,,,cultural_pos
3/13/2021 19:31,3/13/2021 19:33,IP Address,68.114.59.146,100,127,TRUE,3/13/2021 19:33,R_31jBrYbCypuKHAw,,,,,41.7684021,-72.20320129,anonymous,EN,I do consent to participate,Not okay,"Very, very bad",,Somewhat similar,Likely no,Likely aquafruit farmer,Not at all satisfying,Not at all satisfying,Not at all satisfying,Encouarge the companies that hire them to hire Zarpies.,create more jobs or access to jobs,Somewhat easy,"Zarpies,Vawns","Aquafruit farmer,Distribution manager",Learning about Zarpies and answering questions about them,27,Male,,"White, Caucasian, or European American",,"Bachelor's (B.A., B.S.)",Middle class,,,cultural_pos
3/13/2021 19:34,3/13/2021 19:34,IP Address,65.96.44.204,100,5,TRUE,3/13/2021 19:34,R_2EAWMpVSfYfu404,,,,,41.91369629,-70.63929749,anonymous,EN,I do NOT consent to participate,,,,,,,,,,,,,,,,,,,,,,,,,
3/13/2021 19:31,3/13/2021 19:34,IP Address,74.77.62.153,100,214,TRUE,3/13/2021 19:34,R_2xVLo18Yq3GgknO,,,,,42.91020203,-78.66249847,anonymous,EN,I do consent to participate,Not okay,A little bad,,Equally similar and different,Likely no,Likely aquafruit farmer,Somewhat satisfying,Somewhat satisfying,Somewhat satisfying,"I would start an ""affirmative action"" to require ( or encourage) hiring Zarpies as distributors.",create more jobs or access to jobs,Very difficult,"Zarpies,Vawns","Aquafruit farmer,Distribution manager",Learning about Zarpies and answering questions about them,27,Female,,"White, Caucasian, or European American",,"Bachelor's (B.A., B.S.)",Prefer not to specify,,,biological_pos
3/13/2021 19:30,3/13/2021 19:35,IP Address,108.217.81.174,100,275,TRUE,3/13/2021 19:35,R_24o8tNAuU2DJPDZ,,,,,26.41220093,-80.08750153,anonymous,EN,I do consent to participate,Not okay,"Very, very bad",,Equally similar and different,For sure no,Likely different job,Slightly satisfying,Not at all satisfying,Not at all satisfying,Provide government assistance/tax breaks to any businesses that hire Zarpies as distribution managers.,create more jobs or access to jobs,Very easy,"Zarpies,Vawns","Aquafruit farmer,Distribution manager",Learning about Zarpies and answering questions about them,36,Male,,"White, Caucasian, or European American",,"Master's (M.A., M.S.)",Middle class,No issues,To see what we thought of social inequality in a far away place.,structural
3/13/2021 19:29,3/13/2021 19:35,IP Address,173.172.83.15,100,352,TRUE,3/13/2021 19:35,R_1nW5yLiGiQ5jLD3,,,,,39.05369568,-94.59059906,anonymous,EN,I do consent to participate,Okay,,Pretty good,Equally similar and different,Likely no,Likely aquafruit farmer,Somewhat satisfying,Very satisfying,Not at all satisfying,I would have a pill made that would keep the Zarpies from getting sick when they travel,target group biology,Somewhat easy,"Zarpies,Vawns","Aquafruit farmer,Distribution manager",Learning about Zarpies and answering questions about them,48,Male,,"White, Caucasian, or European American",,High school/GED,Poor,"No, everything went fine and no issues.",If certain groups are locked into certain jobs,biological_neg
3/13/2021 19:30,3/13/2021 19:36,IP Address,174.247.250.70,100,333,TRUE,3/13/2021 19:36,R_1oHYQbXVQqVHxe4,,,,,34.85040283,-92.4088974,anonymous,EN,I do consent to participate,Okay,,A little good,Somewhat different,Likely no,Likely different job,Not at all satisfying,Somewhat satisfying,Slightly satisfying,Create a incentive for hiring one at the distribution center,create more jobs or access to jobs,Somewhat easy,"Zarpies,Vawns","Aquafruit farmer,Distribution manager",Learning about Zarpies and answering questions about them,35,Male,,"White, Caucasian, or European American",,"Bachelor's (B.A., B.S.)",Working class,,,biological_pos
3/13/2021 19:29,3/13/2021 19:36,IP Address,107.4.223.168,100,439,TRUE,3/13/2021 19:36,R_3fql6m9FVPtSxWP,,,,,45.04350281,-93.48269653,anonymous,EN,I do consent to participate,Not okay,"Very, very bad",,Very different,Likely no,Likely different job,Not at all satisfying,Not at all satisfying,Not at all satisfying,I would create programs that would allow Zarpies to have a simple process in getting distribution manager work. ,create more jobs or access to jobs,Very easy,"Zarpies,Vawns","Aquafruit farmer,Distribution manager",Learning about Zarpies and answering questions about them,32,Male,,South or Southeast Asian,,"Bachelor's (B.A., B.S.)",Working class,,,structural
3/13/2021 19:30,3/13/2021 19:36,IP Address,73.55.26.61,100,347,TRUE,3/13/2021 19:36,R_1QotKSGnGkvnsIg,,,,,27.32539368,-82.47329712,anonymous,EN,I do consent to participate,Okay,,"Very, very good",Very similar,For sure no,For sure different job,Not at all satisfying,Not at all satisfying,Not at all satisfying,I would make a Zarpie a manager of his own distribution site to run and hire as he see's fit.,other,Very easy,"Zarpies,Vawns",Aquafruit farmer,Learning about Zarpies and answering questions about them,66,Male,,"White, Caucasian, or European American",,High school/GED,Middle class,No,"""ZLM"" Zarpie Lives Matter!",biological_neg
3/13/2021 19:33,3/13/2021 19:37,IP Address,24.35.214.239,100,238,TRUE,3/13/2021 19:37,R_2EAaE728lqh8ohe,,,,,35.09840393,-91.91429901,anonymous,EN,I do consent to participate,Not okay,Pretty bad,,Somewhat different,Likely no,Likely different job,Not at all satisfying,Not at all satisfying,Somewhat satisfying,Make sure that the vawns are okay with zarpies becoming distriubtion managers and that they are equiped with the skills needed.,provide job training to group,Somewhat difficult,"Zarpies,Vawns","Aquafruit farmer,Distribution manager",Learning about Zarpies and answering questions about them,29,Male,,"White, Caucasian, or European American",,Some college,Working class,,Thoughts on different social groups.,cultural_pos
3/13/2021 19:35,3/13/2021 19:37,IP Address,72.193.68.167,100,159,TRUE,3/13/2021 19:37,R_3QMGdlcf1gEXhiH,,,,,36.1289978,-115.2764969,anonymous,EN,I do consent to participate,Okay,,Pretty good,Equally similar and different,Likely no,Likely different job,Extremely satisfying,Slightly satisfying,Not at all satisfying,Create a training program showing the differences and benefits of a career change,provide job training to group,Somewhat difficult,"Zarpies,Vawns","Aquafruit farmer,Distribution manager",Learning about Zarpies and answering questions about them,45,Male,,"White, Caucasian, or European American",,Some college,Middle class,,,cultural_neg
3/13/2021 19:31,3/13/2021 19:38,IP Address,184.164.160.75,100,383,TRUE,3/13/2021 19:38,R_eyDkGlAsNLtBVap,,,,,25.78729248,-80.15640259,anonymous,EN,I do consent to participate,Okay,,A little good,Very different,Likely yes,For sure different job,Somewhat satisfying,Slightly satisfying,Not at all satisfying,I would offer training to those Zarpies who want to become distribution managers,provide job training to group,Somewhat easy,"Zarpies,Vawns","Aquafruit farmer,Distribution manager",Learning about Zarpies and answering questions about them,45,Female,,"White, Caucasian, or European American",,"Master's (M.A., M.S.)",Middle class,No,Perception on certain groups and the jobs they do,cultural_neg
3/13/2021 19:36,3/13/2021 19:38,IP Address,73.75.226.214,100,111,TRUE,3/13/2021 19:38,R_28RGcN7mwPtx91L,,,,,41.92149353,-87.64459991,anonymous,EN,I do consent to participate,Not okay,Pretty bad,,Equally similar and different,For sure no,For sure different job,Somewhat satisfying,Not at all satisfying,Not at all satisfying,make the process easier for them to apply,create more jobs or access to jobs,Somewhat difficult,"Zarpies,Vawns","Aquafruit farmer,Distribution manager",Learning about Zarpies and answering questions about them,28,Male,,"White, Caucasian, or European American",,"Bachelor's (B.A., B.S.)",Working class,,,structural
3/13/2021 19:30,3/13/2021 19:38,IP Address,96.28.214.181,100,456,TRUE,3/13/2021 19:38,R_2YXQup5t3aiH4gg,,,,,38.05380249,-83.93859863,anonymous,EN,I do consent to participate,Okay,,"Very, very good",Somewhat different,Likely no,For sure different job,Extremely satisfying,Very satisfying,Not at all satisfying,I would take a Zarpie on a day with a distribution manager so they could see exactly what was done and how they word and see if they would change their mind.,change group beliefs/culture,Very easy,"Zarpies,Vawns","Aquafruit farmer,Distribution manager",Learning about Zarpies and answering questions about them,44,Male,,"White, Caucasian, or European American",,Some college,Working class,No,How I thought about the groups doing the work they done because of the way they are.,cultural_neg
3/13/2021 19:31,3/13/2021 19:38,IP Address,68.69.252.172,100,400,TRUE,3/13/2021 19:38,R_1hzrYlapy3ZcJvL,,,,,46.85240173,-96.81210327,anonymous,EN,I do consent to participate,Okay,,"Very, very good",Somewhat similar,Likely yes,Likely aquafruit farmer,Very satisfying,Very satisfying,Very satisfying,"Train them to be a distribution manager, then have the work closely along side a skilled distribution manager.",provide job training to group,Very easy,"Zarpies,Vawns","Aquafruit farmer,Distribution manager",Learning about Zarpies and answering questions about them,54,Male,,"White, Caucasian, or European American",,"Bachelor's (B.A., B.S.)",Working class,None,Studying different working classes.,biological_neg
3/13/2021 19:31,3/13/2021 19:38,IP Address,174.18.99.176,100,413,TRUE,3/13/2021 19:38,R_1Ltbk233P8Wgy5B,,,,,32.25059509,-110.8840027,anonymous,EN,I do consent to participate,Not okay,"Very, very bad",,Very similar,Likely no,Likely different job,Not at all satisfying,Not at all satisfying,Not at all satisfying,Make a requirement that a certain amount of Zarpies will be hired as distribution managers. Like affirmative action.,create more jobs or access to jobs,Somewhat difficult,"Zarpies,Vawns","Aquafruit farmer,Distribution manager",Learning about Zarpies and answering questions about them,70,Male,,"White, Caucasian, or European American",,Some college,Working class,none,To see if I felt it was fair that one group gets more chances than another group.,structural
3/13/2021 19:31,3/13/2021 19:38,IP Address,104.218.66.7,100,421,TRUE,3/13/2021 19:38,R_2xGe2LbltKoomJR,,,,,40.78419495,-96.64610291,anonymous,EN,I do consent to participate,Okay,,"Very, very good",Somewhat different,Likely no,Likely aquafruit farmer,Extremely satisfying,Slightly satisfying,Not at all satisfying,"Allow Zarpies to learn how to figure numbers, perform the duties of the job, and to work at their own pace until they get the required skills to be effective distribution managers.",provide job training to group,Somewhat difficult,"Zarpies,Vawns","Aquafruit farmer,Distribution manager",Learning about Zarpies and answering questions about them,31,Male,,"White, Caucasian, or European American",,"Bachelor's (B.A., B.S.)",Middle class,,"How a person determines a group's qualification based on information presented about that group, and whether previous ideals such as ""equity/equality for all"" still hold when given information that one group IS more qualified to do a job and that another group could be potentially injured or ill by doing a certain job.",biological_neg
3/13/2021 19:35,3/13/2021 19:38,IP Address,24.181.209.255,100,164,TRUE,3/13/2021 19:38,R_1hYKOaNOZ64hBQG,,,,,35.50549316,-82.99120331,anonymous,EN,I do consent to participate,Not okay,Pretty bad,,Somewhat different,For sure no,Likely aquafruit farmer,Very satisfying,Slightly satisfying,Not at all satisfying,I would put employment quotas in place to give them the opportunity to do other jobs,create more jobs or access to jobs,Somewhat difficult,"Zarpies,Vawns","Aquafruit farmer,Distribution manager",Learning about Zarpies and answering questions about them,20,Male,,"White, Caucasian, or European American",,Some college,Poor,,,biological_pos
3/13/2021 19:31,3/13/2021 19:39,IP Address,24.49.215.75,100,467,TRUE,3/13/2021 19:39,R_3dEWc4j7XlQtCMI,,,,,34.61959839,-98.45429993,anonymous,EN,I do consent to participate,Okay,,A little good,Very different,Likely no,Likely different job,Very satisfying,Slightly satisfying,Not at all satisfying,Require quotas for distribution managers.,create more jobs or access to jobs,Somewhat easy,"Zarpies,Vawns","Aquafruit farmer,Distribution manager",Learning about Zarpies and answering questions about them,61,Male,,"White, Caucasian, or European American",,"Bachelor's (B.A., B.S.)",Middle class,,,cultural_pos
3/13/2021 19:32,3/13/2021 19:39,IP Address,12.0.64.213,100,444,TRUE,3/13/2021 19:39,R_2dGDzh2PoKZXmZ2,,,,,37.8374939,-120.1035004,anonymous,EN,I do consent to participate,Not okay,Pretty bad,,Somewhat different,Likely no,Likely different job,Not at all satisfying,Not at all satisfying,Somewhat satisfying,Make papetwork to become distribution managers straightforward and free ,create more jobs or access to jobs,Very easy,"Zarpies,Vawns","Aquafruit farmer,Distribution manager",Learning about Zarpies and answering questions about them,64,Female,,"White, Caucasian, or European American",,"Master's (M.A., M.S.)",Middle class,Why did expensive complex paperwork exist,Systemic racism ,structural
3/13/2021 19:32,3/13/2021 19:40,IP Address,75.136.141.155,100,468,TRUE,3/13/2021 19:40,R_QozDzrEuHdYE4UN,,,,,34.52510071,-82.63069916,anonymous,EN,I do consent to participate,Not okay,Pretty bad,,Equally similar and different,Likely no,Likely different job,Not at all satisfying,Slightly satisfying,Slightly satisfying,Provide conditions that are better suited for them. I would make it so they are an indoor environment that will not be so hard on their skin.,change job conditions,Somewhat difficult,"Zarpies,Vawns","Aquafruit farmer,Distribution manager",Learning about Zarpies and answering questions about them,34,Male,,Black or African American,,Some college,Working class,None,How do individuals perceive situations of inequality when there are factors behind those limits?,biological_neg
3/13/2021 19:30,3/13/2021 19:40,IP Address,70.127.142.215,100,618,TRUE,3/13/2021 19:40,R_1GO17dcnb9io5o9,,,,,27.84069824,-82.71549988,anonymous,EN,I do consent to participate,Okay,,Pretty good,Very different,For sure no,For sure different job,Extremely satisfying,Very satisfying,Not at all satisfying,"I would start an apprentice program that Zarpies could apply for, and select those who might be best qualified to participate in the apprentice program.  Ideally, it would be younger Zarpies who were wanting to expand their horizons rather than to just fall into the routine of becoming an aquafruit farmers.  ",provide job training to group,Somewhat easy,"Zarpies,Vawns","Aquafruit farmer,Distribution manager",Learning about Zarpies and answering questions about them,70,Female,,"White, Caucasian, or European American",,Some college,Middle class,No problems or confusion  -- all was very clear.,Perhaps to gain thoughts from participants on the feasibility of training a group of people who are skilled at a particular job to learn and engage in a different job.(???),biological_pos
3/13/2021 19:38,3/13/2021 19:41,IP Address,174.232.14.148,100,140,TRUE,3/13/2021 19:41,R_2qaWpUV38LFB8hu,,,,,41.38439941,-81.70030212,anonymous,EN,I do consent to participate,Okay,,A little good,Somewhat different,Likely no,Likely different job,Slightly satisfying,Slightly satisfying,Extremely satisfying,Educate them on business and distribution strategies ,change group beliefs/culture,Somewhat difficult,"Zarpies,Vawns","Aquafruit farmer,Distribution manager",Learning about Zarpies and answering questions about them,42,Male,,"White, Caucasian, or European American",,"Master's (M.A., M.S.)",Middle class,,,cultural_pos
3/13/2021 19:30,3/13/2021 19:41,IP Address,207.244.71.79,100,667,TRUE,3/13/2021 19:41,R_25XxPkno9sBBM66,,,,,37.75100708,-97.8219986,anonymous,EN,I do consent to participate,Okay,,"Very, very good",Somewhat different,Likely no,Likely aquafruit farmer,Slightly satisfying,Extremely satisfying,Slightly satisfying,I would improve transport conditions so the Zarpies do not get tired during distribution ,change job conditions,Somewhat easy,"Zarpies,Vawns","Aquafruit farmer,Distribution manager",Learning about Zarpies and answering questions about them,31,Female,,Black or African American,,"Bachelor's (B.A., B.S.)",Middle class,,,biological_neg
3/13/2021 19:34,3/13/2021 19:41,IP Address,72.202.158.203,100,434,TRUE,3/13/2021 19:41,R_3qR6Zhs5Upk6jQ8,,,,,37.66870117,-97.22170258,anonymous,EN,I do consent to participate,Okay,,A little good,Somewhat different,Likely no,Likely aquafruit farmer,Not at all satisfying,Not at all satisfying,Not at all satisfying,Train and mentally prepare them to become distribution managers,provide job training to group,Somewhat difficult,"Zarpies,Vawns","Aquafruit farmer,Distribution manager",Learning about Zarpies and answering questions about them,60,Male,,"White, Caucasian, or European American",,"Master's (M.A., M.S.)",Middle class,"There were no problems with the survey, technical or otherwise.  ",How people/entities can be stuck in one way of making a living,cultural_neg
3/13/2021 19:39,3/13/2021 19:43,IP Address,24.190.235.152,100,255,TRUE,3/13/2021 19:43,R_vAergGCdXnXav97,,,,,40.67630005,-73.94920349,anonymous,EN,I do consent to participate,Okay,,Pretty good,Very different,Likely no,Likely different job,Slightly satisfying,Somewhat satisfying,Somewhat satisfying,I would allow Zarpies to wear some kind of body suit that will keep their skin from drying out when they are on land for long periods of time.,target group biology,Somewhat easy,"Zarpies,Vawns","Aquafruit farmer,Distribution manager",Learning about Zarpies and answering questions about them,37,Male,,East Asian,,"Master's (M.A., M.S.)",Middle class,,,biological_neg
3/13/2021 19:39,3/13/2021 19:46,IP Address,67.164.73.249,100,419,TRUE,3/13/2021 19:46,R_b48Jn5uYDQCsr17,,,,,37.76179504,-121.9132996,anonymous,EN,I do consent to participate,Not okay,A little bad,,Equally similar and different,Likely no,Likely different job,Slightly satisfying,Slightly satisfying,Somewhat satisfying,Make the paperwork less burdensome for the Zarpies to get the job. ,create more jobs or access to jobs,Somewhat easy,"Zarpies,Vawns","Aquafruit farmer,Distribution manager",Learning about Zarpies and answering questions about them,58,Female,,East Asian,,"Master's (M.A., M.S.)",Middle class,,,structural
3/13/2021 19:30,3/13/2021 19:48,IP Address,108.39.109.86,100,1083,TRUE,3/13/2021 19:48,R_3sabPT8Mtg8Aa5k,,,,,37.11000061,-76.5114975,anonymous,EN,I do consent to participate,Not okay,Pretty bad,,Somewhat different,Likely no,For sure different job,Slightly satisfying,Somewhat satisfying,Slightly satisfying,I would have classes for learning how to advance in management to offer for them. ,provide job training to group,Very easy,"Zarpies,Vawns","Aquafruit farmer,Distribution manager",Learning about Zarpies and answering questions about them,34,Female,,"White, Caucasian, or European American",,High school/GED,Middle class,No. None.,To see your views on different classes of society. ,biological_pos
3/13/2021 19:29,3/13/2021 19:48,IP Address,71.115.216.209,100,1151,TRUE,3/13/2021 19:48,R_3rTy0bxff6uyanx,,,,,43.04179382,-76.22380066,anonymous,EN,I do consent to participate,Okay,,Pretty good,Equally similar and different,Likely yes,Likely aquafruit farmer,Extremely satisfying,Somewhat satisfying,Not at all satisfying,I would have a Zarpie shadow a Distribution Manager so they can see exactly what is done in that role. They may find out it is not that bad.,change group beliefs/culture,Somewhat easy,"Zarpies,Vawns","Aquafruit farmer,Distribution manager",Learning about Zarpies and answering questions about them,51,Female,,"White, Caucasian, or European American",,"Bachelor's (B.A., B.S.)",Middle class,,,cultural_neg
3/13/2021 19:32,3/13/2021 19:51,IP Address,73.129.68.67,100,1124,TRUE,3/13/2021 19:51,R_1OZdLaSodFUpJEw,,,,,38.91720581,-77.07089996,anonymous,EN,I do consent to participate,Not okay,Pretty bad,,Equally similar and different,Likely no,Likely different job,Not at all satisfying,Not at all satisfying,Not at all satisfying,Set up a program to encourage Zarpies to apprentice with a distribution company by training them in how to do this work.,provide job training to group,Somewhat easy,"Zarpies,Vawns","Aquafruit farmer,Distribution manager",Learning about Zarpies and answering questions about them,61,Female,,"White, Caucasian, or European American",,Some college,Working class,Everything was understandable and clear.,"Stereotypes about members of different social groups, especially related to employment capabilities.",biological_pos
3/13/2021 19:43,3/13/2021 19:51,IP Address,99.59.188.122,100,446,TRUE,3/13/2021 19:51,R_3Ev6x73A6kZyZdU,,,,,41.60780334,-87.75240326,anonymous,EN,I do consent to participate,Not okay,Pretty bad,,Somewhat different,Likely no,Likely different job,Somewhat satisfying,Somewhat satisfying,Very satisfying,I would create a training program for Zarpies to move into that role.,provide job training to group,Somewhat difficult,"Zarpies,Vawns","Aquafruit farmer,Distribution manager",Learning about Zarpies and answering questions about them,32,Female,,"White, Caucasian, or European American",,"Master's (M.A., M.S.)",Middle class,no,,cultural_pos
3/13/2021 19:52,3/13/2021 19:56,IP Address,75.74.141.111,100,257,TRUE,3/13/2021 19:56,R_3FRseiyv9IS9hAp,,,,,26.07029724,-80.22480011,anonymous,EN,I do consent to participate,Okay,,A little good,Equally similar and different,Likely no,Likely different job,Somewhat satisfying,Slightly satisfying,Not at all satisfying,"I would change the hiring regulations to make it easier for Zarpies, somewhat like an affirmative action plan.",create more jobs or access to jobs,Somewhat easy,"Zarpies,Vawns","Aquafruit farmer,Distribution manager",Learning about Zarpies and answering questions about them,33,Male,,"White, Caucasian, or European American",,"Bachelor's (B.A., B.S.)",Working class,The writing question could have been more explicitly defined. I feel like it was too open ended and I didn't know in what area I should focus on.,I believe it was a psychological study to evaluate what groups of people perceive inequality and what they would do to change it.,biological_neg
3/13/2021 19:58,3/13/2021 19:58,IP Address,71.236.67.104,100,3,TRUE,3/13/2021 19:58,R_3mfoNHkaQVLTn6W,,,,,40.15879822,-79.81220245,anonymous,EN,I do NOT consent to participate,,,,,,,,,,,,,,,,,,,,,,,,,
3/13/2021 20:00,3/13/2021 20:05,IP Address,68.195.161.37,100,277,TRUE,3/13/2021 20:05,R_1QyHsJQzndl2Dbt,,,,,40.87770081,-73.90799713,anonymous,EN,I do consent to participate,Okay,,"Very, very good",Somewhat similar,Likely no,For sure aquafruit farmer,Somewhat satisfying,Extremely satisfying,Extremely satisfying,Get Zarpies glasses so they can see better on land. This will allow them to do work on land better than they are currently able.,target group biology,Somewhat difficult,"Zarpies,Vawns","Aquafruit farmer,Distribution manager",Learning about Zarpies and answering questions about them,29,Male,,"White, Caucasian, or European American",,"Bachelor's (B.A., B.S.)",Affluent,The social class groups just above need upper middle class added. I’m not affluent but I am also not middle class. I selected Affluent because I am closer in experience and feeling to affluent than Middle. We need a new option. ,To gauge how we feel about fairness.,biological_pos
3/13/2021 20:08,3/13/2021 20:13,IP Address,174.48.146.47,100,312,TRUE,3/13/2021 20:13,R_3ipN7G3QPoVbQ7k,,,,,26.01679993,-80.15370178,anonymous,EN,I do consent to participate,Not okay,Pretty bad,,Somewhat different,Likely yes,For sure aquafruit farmer,Somewhat satisfying,Slightly satisfying,Somewhat satisfying,Zarpies can do training for distribution managers,provide job training to group,Somewhat easy,"Zarpies,Vawns","Aquafruit farmer,Distribution manager",Learning about Zarpies and answering questions about them,27,Male,,East Asian,,"Bachelor's (B.A., B.S.)",Middle class,,,structural
3/13/2021 20:25,3/13/2021 20:25,IP Address,73.169.119.154,100,15,TRUE,3/13/2021 20:25,R_Wxm5HU7tL1v3fy1,,,,,39.58839417,-105.0775986,anonymous,EN,I do NOT consent to participate,,,,,,,,,,,,,,,,,,,,,,,,,
3/13/2021 20:48,3/13/2021 20:52,IP Address,174.198.78.88,100,243,TRUE,3/13/2021 20:52,R_9nudL63WO6wo7hT,,,,,41.23269653,-96.11380005,anonymous,EN,I do consent to participate,Okay,,Pretty good,Somewhat different,For sure no,Likely aquafruit farmer,Very satisfying,Somewhat satisfying,Somewhat satisfying,I would educate the Zarpies about becoming distribution managers.,change group beliefs/culture,Very easy,"Zarpies,Vawns","Aquafruit farmer,Distribution manager",Learning about Zarpies and answering questions about them,41,Male,,"White, Caucasian, or European American",,"Master's (M.A., M.S.)",Middle class,Everything was good.,Perceptions of people that have a traditional type of work.,cultural_pos
3/13/2021 21:37,3/13/2021 21:41,IP Address,75.46.42.63,100,244,TRUE,3/13/2021 21:41,R_3MlHbnpzgwfi7DE,,,,,42.28070068,-83.78009796,anonymous,EN,I do consent to participate,Not okay,Pretty bad,,Equally similar and different,Likely no,Likely different job,Not at all satisfying,Not at all satisfying,Not at all satisfying,Policies to support fair employment,create more jobs or access to jobs,Somewhat easy,"Zarpies,Vawns","Aquafruit farmer,Distribution manager",Learning about Zarpies and answering questions about them,33,Prefer not to specify,,Prefer not to specify,,Prefer not to specify,Prefer not to specify,,,biological_pos
3/13/2021 21:55,3/13/2021 22:02,IP Address,12.10.28.38,100,443,TRUE,3/13/2021 22:02,R_2AEA8e1bhjrytU6,,,,,37.86459351,-90.16960144,anonymous,EN,I do consent to participate,Not okay,"Very, very bad",,Very different,For sure no,For sure different job,Not at all satisfying,Not at all satisfying,Not at all satisfying,I would eliminate the expense associated with the paperwork they have to fill out.,create more jobs or access to jobs,Very difficult,"Zarpies,Hibbles","Aquafruit farmer,Distribution manager",Learning about Zarpies and answering questions about them,64,Female,,Black or African American,,"Bachelor's (B.A., B.S.)",Working class,No.,Ability of government to make changes to improve the well being of its citizens.,structural
3/13/2021 22:23,3/13/2021 22:26,IP Address,67.242.1.177,100,184,TRUE,3/13/2021 22:26,R_1oorkeUnQhLoDGS,,,,,42.99079895,-75.96199799,anonymous,EN,I do consent to participate,Okay,,Pretty good,Very similar,Likely no,Likely different job,Extremely satisfying,Not at all satisfying,Not at all satisfying,Offer them more money.,change job wages or value,Somewhat difficult,"Zarpies,Vawns","Aquafruit farmer,Distribution manager",Learning about Zarpies and answering questions about them,35,Male,,"White, Caucasian, or European American",,"Master's (M.A., M.S.)",Middle class,,,cultural_pos
3/14/2021 3:02,3/14/2021 3:06,IP Address,76.91.232.19,100,252,TRUE,3/14/2021 3:06,R_r1JXCEosFVnzSJX,,,,,34.11720276,-117.6472015,anonymous,EN,I do consent to participate,Okay,,A little good,Very different,Likely no,Likely aquafruit farmer,Extremely satisfying,Very satisfying,Very satisfying,raise their salary,change job wages or value,Somewhat easy,Zarpies,Aquafruit farmer,Learning about Zarpies and answering questions about them,29,Male,,East Asian,,High school/GED,Poor,,,cultural_neg
3/14/2021 3:06,3/14/2021 3:10,IP Address,12.91.54.70,100,260,TRUE,3/14/2021 3:10,R_2zzHizZsV7Mmo7D,,,,,37.5196991,-82.52279663,anonymous,EN,I do consent to participate,Okay,,Pretty good,Somewhat different,Likely no,For sure different job,Slightly satisfying,Somewhat satisfying,Slightly satisfying,Give them a honest chance,other,Somewhat easy,"Zarpies,Vawns","Aquafruit farmer,Distribution manager",Learning about Zarpies and answering questions about them,38,Male,,"White, Caucasian, or European American",,Some college,Middle class,No it was great the way it was.,Social labeling ,biological_neg
3/14/2021 3:03,3/14/2021 3:15,IP Address,184.62.134.51,100,706,TRUE,3/14/2021 3:15,R_2rDD3MHcys6sLJO,,,,,35.94709778,-87.29959869,anonymous,EN,I do consent to participate,Not okay,A little bad,,Somewhat different,For sure no,Likely different job,Somewhat satisfying,Slightly satisfying,Not at all satisfying,Better education for the Zarpies. ,provide job training to group,Somewhat difficult,"Zarpies,Vawns","Aquafruit farmer,Distribution manager",Learning about Zarpies and answering questions about them,28,Female,,"White, Caucasian, or European American",,"Bachelor's (B.A., B.S.)",Working class,,,biological_neg
3/14/2021 3:16,3/14/2021 3:19,IP Address,47.17.167.35,100,187,TRUE,3/14/2021 3:19,R_a02gDwGrZUVHcyd,,,,,40.6598053,-73.63710022,anonymous,EN,I do consent to participate,Not okay,Pretty bad,,Somewhat similar,Likely no,For sure different job,Not at all satisfying,Not at all satisfying,Extremely satisfying,Limit the amount of paperwork they have to fill out to become distribution managers.,create more jobs or access to jobs,Very easy,"Zarpies,Vawns","Aquafruit farmer,Distribution manager",Learning about Zarpies and answering questions about them,29,Male,,"White, Caucasian, or European American",,"Master's (M.A., M.S.)",Middle class,No,Opinions on social classes,structural
3/14/2021 3:25,3/14/2021 3:30,IP Address,173.54.134.94,100,283,TRUE,3/14/2021 3:30,R_0jiBoIYX7c83nsB,,,,,40.88969421,-74.48470306,anonymous,EN,I do consent to participate,Okay,,Pretty good,Very different,Likely no,Likely different job,Very satisfying,Somewhat satisfying,Slightly satisfying,"I would train and teach them the job of distribution manager, and pick the Zarpies that excel at it.",provide job training to group,Somewhat difficult,"Zarpies,Vawns","Aquafruit farmer,Distribution manager",Learning about Zarpies and answering questions about them,54,Male,,"White, Caucasian, or European American",,High school/GED,Middle class,no,Can people be taught something new,cultural_pos
3/14/2021 3:23,3/14/2021 3:31,IP Address,64.184.153.155,100,431,TRUE,3/14/2021 3:31,R_1jHfhf126JNzbhh,,,,,46.4723053,-117.5955048,anonymous,EN,I do consent to participate,Okay,,A little good,Somewhat different,Likely no,Likely different job,Slightly satisfying,Not at all satisfying,Not at all satisfying,"I would point out to the zarpies how moving values to other regions does produce value because it redistributes product based on supply and demand, overall increasing the value of the supplied product such that there is balance between what is had and what is wanted. ",change group beliefs/culture,Somewhat easy,"Zarpies,Vawns","Aquafruit farmer,Distribution manager",Learning about Zarpies and answering questions about them,34,Female,,"White, Caucasian, or European American",,"Master's (M.A., M.S.)",Working class,,"While I did not particularly find the situation and explanations satisfying, I respect the right of individual zarpies to pursue the position they wish to work in. ",cultural_neg
3/14/2021 3:29,3/14/2021 3:32,IP Address,98.229.66.159,100,235,TRUE,3/14/2021 3:32,R_2YzE7q0p5rG0a0I,,,,,42.37680054,-71.06109619,anonymous,EN,I do consent to participate,Not okay,Pretty bad,,Equally similar and different,Likely no,For sure different job,Slightly satisfying,Slightly satisfying,Slightly satisfying,Set up training  classes on distribution  and the tasks needed,provide job training to group,Very easy,"Zarpies,Vawns","Aquafruit farmer,Distribution manager",Learning about Zarpies and answering questions about them,58,Male,,"White, Caucasian, or European American",,"Master's (M.A., M.S.)",Middle class,No,Minorities  or class workers ,cultural_pos
3/14/2021 3:26,3/14/2021 3:34,IP Address,73.67.3.138,100,482,TRUE,3/14/2021 3:34,R_2VDNWirpEg4wMEj,,,,,38.78590393,-94.2440033,anonymous,EN,I do consent to participate,Okay,,Pretty good,Very different,Likely no,Likely different job,Slightly satisfying,Very satisfying,Slightly satisfying,I would make it mandatory that a certain number of Zarpies work as distribution managers.,create more jobs or access to jobs,Somewhat difficult,"Zarpies,Vawns","Aquafruit farmer,Distribution manager",Learning about Zarpies and answering questions about them,54,Male,,"White, Caucasian, or European American",,Some college,Middle class,no,understanding different ethnic groups,biological_pos
3/14/2021 3:31,3/14/2021 3:34,IP Address,98.242.180.200,100,198,TRUE,3/14/2021 3:34,R_3CZzgKJDMzKSv6s,,,,,25.99719238,-80.32589722,anonymous,EN,I do consent to participate,Okay,,Pretty good,Somewhat different,Likely no,Likely aquafruit farmer,Very satisfying,Very satisfying,Not at all satisfying,Give them a clsas that shows how they can make value by being distribution managers.,change group beliefs/culture,Somewhat difficult,"Zarpies,Vawns","Aquafruit farmer,Distribution manager",Learning about Zarpies and answering questions about them,43,Female,,"White, Caucasian, or European American",,"Master's (M.A., M.S.)",Middle class,no,it was cute,cultural_neg
3/14/2021 3:37,3/14/2021 3:41,IP Address,98.204.166.67,100,247,TRUE,3/14/2021 3:41,R_3fwOrrigvwsD13B,,,,,39.0809021,-76.55899811,anonymous,EN,I do consent to participate,Okay,,Pretty good,Equally similar and different,Likely yes,Likely aquafruit farmer,Somewhat satisfying,Very satisfying,Not at all satisfying,Training,provide job training to group,Somewhat easy,"Zarpies,Vawns","Aquafruit farmer,Distribution manager",Learning about Zarpies and answering questions about them,44,Male,,"White, Caucasian, or European American",,"Master's (M.A., M.S.)",Middle class,No,Employment options for people,biological_pos
3/14/2021 3:34,3/14/2021 3:43,IP Address,108.31.43.37,100,544,TRUE,3/14/2021 3:43,R_u9qjKV8XKSjKKYN,,,,,38.67590332,-77.31569672,anonymous,EN,I do consent to participate,Okay,,A little good,Very similar,Likely yes,Likely different job,Slightly satisfying,Slightly satisfying,Somewhat satisfying,I would reduce government regulations and encourage zarpies to open their own aquafruit distribution companies so they aren;t dependent on government intervention.,create more jobs or access to jobs,Somewhat easy,"Zarpies,Vawns","Aquafruit farmer,Distribution manager",Learning about Zarpies and answering questions about them,56,Male,,"White, Caucasian, or European American",,"Bachelor's (B.A., B.S.)",Middle class,Support intellectual diversity on campus.  this simulation is so reductionist one couldn't possibly draw broad conclusions from any  data.,See above.,structural
3/14/2021 3:40,3/14/2021 3:45,IP Address,66.207.76.6,100,281,TRUE,3/14/2021 3:45,R_24pHPsRqyaWZoqj,,,,,38.41419983,-81.7582016,anonymous,EN,I do consent to participate,Okay,,Pretty good,Very different,For sure no,Likely aquafruit farmer,Somewhat satisfying,Slightly satisfying,Slightly satisfying,I think the limiting step is that they dry out when on land for prolonged periods of time. Two solutions exist the first would be to move some of the distribution manager work to the water. The second would have technological advance to have them spend more time out of water. ,change job conditions,Very difficult,"Zarpies,Vawns","Aquafruit farmer,Distribution manager",Learning about Zarpies and answering questions about them,46,Male,,"White, Caucasian, or European American",,"Doctoral (Ph.D., J.D., M.D.)",Middle class,no,I enjoyed the format and thinking about how to make it different in this fictional world,biological_neg
3/14/2021 3:39,3/14/2021 3:46,IP Address,136.34.108.12,100,473,TRUE,3/14/2021 3:46,R_VRcudIRkv8JX8zv,,,,,39.27920532,-94.46080017,anonymous,EN,I do consent to participate,Okay,,A little good,Somewhat different,Likely yes,Likely different job,Not at all satisfying,Somewhat satisfying,Slightly satisfying,Figure out how to do the distribution management job closer to the water or figure out how to make the job more comfortable for the Zarpies.,change job conditions,Somewhat difficult,"Zarpies,Vawns","Aquafruit farmer,Distribution manager",Learning about Zarpies and answering questions about them,32,Male,,"White, Caucasian, or European American,South or Southeast Asian",,"Bachelor's (B.A., B.S.)",Working class,,,biological_neg
3/14/2021 3:42,3/14/2021 3:51,IP Address,97.95.51.4,100,483,TRUE,3/14/2021 3:51,R_1H769eXHIUY9AHE,,,,,43.77459717,-88.43759918,anonymous,EN,I do consent to participate,Okay,,A little good,Somewhat different,Likely no,Likely different job,Not at all satisfying,Somewhat satisfying,Very satisfying,educate the Zarpies who want to get different jobs. Inform them how to be efficient indoing the forms necessary to get a different profession,provide job training to group,Somewhat difficult,"Zarpies,Vawns","Aquafruit farmer,Distribution manager",Learning about Zarpies and answering questions about them,68,Male,,"White, Caucasian, or European American",,High school/GED,Working class,no comments,should you stay  where you are placed in society,structural
3/14/2021 4:57,3/14/2021 4:59,IP Address,24.168.255.249,100,144,TRUE,3/14/2021 4:59,R_2qt3Izs5aZ30bOF,,,,,33.83410645,-78.65859985,anonymous,EN,I do consent to participate,Okay,,Pretty good,Somewhat different,For sure no,Likely different job,Somewhat satisfying,Slightly satisfying,Very satisfying,I would provide a sign on bonus for Zarpies to join as distribution managers.,change job wages or value,Somewhat easy,Zarpies,Aquafruit farmer,Learning about Zarpies and answering questions about them,42,Female,,"White, Caucasian, or European American",,"Bachelor's (B.A., B.S.)",Middle class,,,biological_pos
3/14/2021 8:12,3/14/2021 8:24,IP Address,65.60.173.176,100,701,TRUE,3/14/2021 8:24,R_2CECrl8wJt3pWts,,,,,40.03259277,-82.87989807,anonymous,EN,I do consent to participate,Okay,,Pretty good,Somewhat different,Likely no,Likely different job,Very satisfying,Slightly satisfying,Slightly satisfying,offer apprenticeships,provide job training to group,Somewhat easy,"Zarpies,Vawns","Aquafruit farmer,Distribution manager",Learning about Zarpies and answering questions about them,46,Male,,"White, Caucasian, or European American",,"Bachelor's (B.A., B.S.)",Middle class,,,cultural_pos
3/14/2021 13:09,3/14/2021 13:23,IP Address,73.207.89.118,100,798,TRUE,3/14/2021 13:23,R_3QYua0gKLCGvBvP,,,,,33.87800598,-83.89230347,anonymous,EN,I do consent to participate,Not okay,Pretty bad,,Very different,Likely no,For sure aquafruit farmer,Somewhat satisfying,Slightly satisfying,Slightly satisfying,talk to the other people about equality ,change group beliefs/culture,Very difficult,"Zarpies,Vawns","Aquafruit farmer,Distribution manager",Learning about Zarpies and answering questions about them,28,Male,,Black or African American,,High school/GED,Working class,,,cultural_neg
3/15/2021 5:29,3/15/2021 5:34,IP Address,98.159.196.54,100,324,TRUE,3/15/2021 5:34,R_6X9eehZnC03D3Xz,,,,,34.61799622,-86.05619812,anonymous,EN,I do consent to participate,Not okay,A little bad,,Very different,Likely no,For sure aquafruit farmer,Extremely satisfying,Very satisfying,Somewhat satisfying,pick better people,other,Somewhat difficult,"Zarpies,Vawns,Hibbles",Distribution manager,Learning about Zarpies and answering questions about them,25,Male,,"White, Caucasian, or European American",,"Bachelor's (B.A., B.S.)",Working class,no,ty,biological_neg
3/14/2021 10:09,3/14/2021 10:09,IP Address,174.126.143.151,19,26,FALSE,3/15/2021 11:27,R_1FLJqTG6BEKdRT2,,,,,,,anonymous,EN,I do consent to participate,,,,,,,,,,,,,,,,,,,,,,,,,
3/13/2021 19:40,3/13/2021 19:57,IP Address,70.95.43.222,63,1016,FALSE,3/15/2021 11:27,R_3J1O9Wra0zOCdtT,,,,,,,anonymous,EN,I do consent to participate,Okay,,Pretty good,Very different,Likely no,Likely different job,Very satisfying,Very satisfying,Very satisfying,,,,,,,,,,,,,,,,cultural_neg
3/13/2021 19:12,3/13/2021 19:12,IP Address,67.180.13.14,6,16,FALSE,3/15/2021 11:27,R_29t62nMQi5TPnUb,,,,,,,anonymous,EN,I do consent to participate,,,,,,,,,,,,,,,,,,,,,,,,,cultural_pos
