StartDate,EndDate,Status,IPAddress,Progress,Duration (in seconds),Finished,RecordedDate,ResponseId,RecipientLastName,RecipientFirstName,RecipientEmail,ExternalReference,LocationLatitude,LocationLongitude,DistributionChannel,UserLanguage,consent,acceptability,acceptability_notOk,acceptability_ok,diff,switched_context,expl_rate_1,expl_rate_2,expl_rate_3,intervention,intervention_diff,check_group,check_job,check_task,age,age_2_TEXT,gender,gender_4_TEXT,race,race_15_TEXT,education,ses,debrief_1,debrief_3,condition
Start Date,End Date,Response Type,IP Address,Progress,Duration (in seconds),Finished,Recorded Date,Response ID,Recipient Last Name,Recipient First Name,Recipient Email,External Data Reference,Location Latitude,Location Longitude,Distribution Channel,User Language,"STUDY TITLE: Comparison processing in children

 

PROTOCOL DIRECTOR:  Marianna Zhang

 

DESCRIPTION:  You are invited to participate in a research study on language and social categories. You will be asked to read short sentences, read short excerpts from children’s books, answer short questions, produce or select sentences, rate items on various traits, or produce descriptions of items. You may see material intended for children – we are interested in how adults think about the same material. The purpose of this research is to understand the cognitive processes underlying language and social categorization. 

 

TIME INVOLVEMENT:  Your participation will take approximately 5-7 minutes.

 

RISKS AND BENEFITS:  There are no risks associated with this study.  No benefits may reasonably be expected to result from this study. We cannot and do not guarantee or promise that you will receive any benefits from this study.

 

PAYMENTS:  You will receive $1.00 through Amazon Payments as payment for your participation.

 

SUBJECT'S RIGHTS:  If you have read this form and have decided to participate in this project, please understand your participation is voluntary and you have the right to withdraw your consent or discontinue participation at any time without penalty or loss of benefits to which you are otherwise entitled.  The alternative is not to participate.  You have the right to refuse to answer particular questions.  Your individual privacy will be maintained in all published and written data resulting from the study.  No personally identifying information is ever revealed to the researchers.

 

CONTACT INFORMATION:

Questions:  If you have any questions, concerns or complaints about this research, its procedures, risks and benefits, contact the Protocol Director, Marianna Zhang, at stanford.markman.lab@gmail.com.

 

Independent Contact:  If you are not satisfied with how this study is being conducted, or if you have any concerns, complaints, or general questions about the research or your rights as a participant, please contact the Stanford Institutional Review Board (IRB) to speak to someone independent of the research team at (650) 723-2480 or toll free at 1-866-680-2906.  You can also write to the Stanford IRB, Stanford University, 3000 El Camino Real, Five Palo Alto Square, 4th Floor, Palo Alto, CA 94306.

 

Please print a copy of this page for your records.

 

If you agree to participate in this research, please complete and submit the following questionnaire.",Is it okay or not okay that Zarpies mostly work as aquafruit farmers and Vawns mostly work as distrbution managers?,"Is it a little bad, pretty bad, or very, very bad?","Is it a little good, pretty good, or very, very good?",Are Zarpies and Vawns more similar or more different from each other?,"Look, here's another Zarpie! 

 

This Zarpie does not live on the island of Zarpies and Vawns. This Zarpie was born and raised in a different island country, with a different government, different employment policies, and different groups of people. They live and work in that different island country.


  
What job do you think this Zarpie works in their country?","A reporter asks the island government why many Zarpies work as aquafruit farmers.



How satisfying would you rate each of these possible explanations provided by the government? - ""Zarpies prefer to work as aquafruit farmers.""","A reporter asks the island government why many Zarpies work as aquafruit farmers.



How satisfying would you rate each of these possible explanations provided by the government? - ""Zarpies are best-suited to working as aquafruit farmers.""","A reporter asks the island government why many Zarpies work as aquafruit farmers.



How satisfying would you rate each of these possible explanations provided by the government? - ""Zarpies have few other options than to be aquafruit farmers.""","The island government would like to get more Zarpies to work as distribution managers, rather than aquafruit farmers.

 

If you could make anything happen, what would you do to get the Zarpies to work as distribution managers? 

 

Please list 1 specific action you would do, and please be as specific as possible. The more specific you can be, the better. What would you do/change and how?",How easy or difficult would it be to do the action you suggested above?,"In this task, what groups were mentioned? Check all groups mentioned.","In this task, what jobs were mentioned? Check all jobs mentioned.",This task involved:,How old are you? - Selected Choice,How old are you? - Please enter your age in years: - Text,How would you describe your gender identity? - Selected Choice,"How would you describe your gender identity? - Prefer to self-describe, please specify: - Text",How would you describe your racial or ethnic identity? - Selected Choice,"How would you describe your racial or ethnic identity? - Some other racial/ethnic identity, please specify: - Text",What is the highest level of education you have completed?,Which social class group do you identify with?,"We may make changes to this task for future participants, so we would appreciate any feedback below! (optional) - Did you have any problems or confusion with this task? Could anything be improved?","We may make changes to this task for future participants, so we would appreciate any feedback below! (optional) - What do you think this study is about?",condition
"{""ImportId"":""startDate"",""timeZone"":""America/Los_Angeles""}","{""ImportId"":""endDate"",""timeZone"":""America/Los_Angeles""}","{""ImportId"":""status""}","{""ImportId"":""ipAddress""}","{""ImportId"":""progress""}","{""ImportId"":""duration""}","{""ImportId"":""finished""}","{""ImportId"":""recordedDate"",""timeZone"":""America/Los_Angeles""}","{""ImportId"":""_recordId""}","{""ImportId"":""recipientLastName""}","{""ImportId"":""recipientFirstName""}","{""ImportId"":""recipientEmail""}","{""ImportId"":""externalDataReference""}","{""ImportId"":""locationLatitude""}","{""ImportId"":""locationLongitude""}","{""ImportId"":""distributionChannel""}","{""ImportId"":""userLanguage""}","{""ImportId"":""QID64""}","{""ImportId"":""QID44""}","{""ImportId"":""QID103""}","{""ImportId"":""QID122""}","{""ImportId"":""QID126""}","{""ImportId"":""QID117""}","{""ImportId"":""QID135_1""}","{""ImportId"":""QID135_2""}","{""ImportId"":""QID135_8""}","{""ImportId"":""QID85_TEXT""}","{""ImportId"":""QID112""}","{""ImportId"":""QID74""}","{""ImportId"":""QID87""}","{""ImportId"":""QID67""}","{""ImportId"":""QID68""}","{""ImportId"":""QID68_2_TEXT""}","{""ImportId"":""QID69""}","{""ImportId"":""QID69_4_TEXT""}","{""ImportId"":""QID70""}","{""ImportId"":""QID70_15_TEXT""}","{""ImportId"":""QID71""}","{""ImportId"":""QID86""}","{""ImportId"":""QID72_1""}","{""ImportId"":""QID72_3""}","{""ImportId"":""condition""}"
2021-04-26 16:21:22,2021-04-26 16:21:36,IP Address,172.58.110.231,100,14,True,2021-04-26 16:21:37,R_1gi5YszL0V2YpKE,,,,,32.731903076171875,-96.90570068359375,anonymous,EN,I do NOT consent to participate,,,,,,,,,,,,,,,,,,,,,,,,
2021-04-26 16:21:51,2021-04-26 16:24:19,IP Address,50.27.203.15,100,148,True,2021-04-26 16:24:20,R_Qmsz52OUXspeCad,,,,,39.78790283203125,-94.8029022216796875,anonymous,EN,I do consent to participate,Okay,,Pretty good,Somewhat different,Likely aquafruit farmer,Somewhat satisfying,Somewhat satisfying,Slightly satisfying,Train the Zarpies how to work in the craft of distribution,Somewhat difficult,"Zarpies,Vawns","Distribution manager,Strawberry farmer",Learning about Zarpies and answering questions about them,Please enter your age in years:,26,Male,,"White, Caucasian, or European American",,"Bachelor's (B.A., B.S.)",Working class,,,cultural_neg
2021-04-26 16:22:03,2021-04-26 16:24:34,IP Address,73.19.183.5,100,151,True,2021-04-26 16:24:34,R_3ESwrp6qV9xwArv,,,,,30.45660400390625,-84.32230377197265625,anonymous,EN,I do consent to participate,Okay,,A little good,Somewhat different,Likely different job,Slightly satisfying,Not at all satisfying,Not at all satisfying,I would have some start interning to see if they would like the work.,Somewhat easy,"Zarpies,Vawns","Aquafruit farmer,Distribution manager",Learning about Zarpies and answering questions about them,Please enter your age in years:,37,Female,,East Asian,,"Bachelor's (B.A., B.S.)",Middle class,,,cultural_pos
2021-04-26 16:24:26,2021-04-26 16:26:56,IP Address,71.161.119.136,100,150,True,2021-04-26 16:26:57,R_3oZ5kAYejRh5jCa,,,,,44.497100830078125,-67.9503021240234375,anonymous,EN,I do consent to participate,Not okay,Pretty bad,,Somewhat different,Likely aquafruit farmer,Somewhat satisfying,Very satisfying,Somewhat satisfying,I would make it so they could sell the fruit they harvested themselves.,Somewhat easy,"Zarpies,Vawns","Aquafruit farmer,Distribution manager",Learning about Zarpies and answering questions about them,Please enter your age in years:,27,Male,,"White, Caucasian, or European American",,High school/GED,Working class,Good study,To gather feedback on scenarios,structural
2021-04-26 16:23:54,2021-04-26 16:27:09,IP Address,75.188.185.65,100,194,True,2021-04-26 16:27:09,R_2frkEn9jAehbtiN,,,,,41.4452972412109375,-81.6990966796875,anonymous,EN,I do consent to participate,Okay,,Pretty good,Somewhat different,Likely aquafruit farmer,Very satisfying,Slightly satisfying,Not at all satisfying,"I think since the wage is already better, maybe allowing them to have to work less, if they become a distribution manager instead of an aquafruit farmer.",Somewhat difficult,"Zarpies,Vawns","Aquafruit farmer,Distribution manager",Learning about Zarpies and answering questions about them,Please enter your age in years:,36,Male,,"White, Caucasian, or European American",,"Bachelor's (B.A., B.S.)",Middle class,,,biological_pos
2021-04-26 16:23:30,2021-04-26 16:27:34,IP Address,73.189.147.24,100,243,True,2021-04-26 16:27:35,R_325BkssYIvnYe6d,,,,,38.546295166015625,-122.8047027587890625,anonymous,EN,I do consent to participate,Not okay,Pretty bad,,Equally similar and different,Likely different job,Very satisfying,Somewhat satisfying,Not at all satisfying,"I would institute a work change program, mandating some Zarpies to work different jobs and get grants to do so.",Somewhat difficult,"Zarpies,Vawns","Aquafruit farmer,Distribution manager",Learning about Zarpies and answering questions about them,Please enter your age in years:,57,Male,,"White, Caucasian, or European American",,"Bachelor's (B.A., B.S.)",Working class,,"views of haves and have nots, or classes",biological_neg
2021-04-26 16:22:29,2021-04-26 16:28:02,IP Address,97.81.54.216,100,332,True,2021-04-26 16:28:02,R_9vpP0sSL6K2GRY5,,,,,36.3031005859375,-88.31259918212890625,anonymous,EN,I do consent to participate,Not okay,Pretty bad,,Very different,For sure different job,Somewhat satisfying,Not at all satisfying,Not at all satisfying,I would educate the Zarpies to the benefits (higher pay) and safety (no sharks) of being a food distribution manager.,Very easy,"Zarpies,Vawns","Aquafruit farmer,Distribution manager",Learning about Zarpies and answering questions about them,Please enter your age in years:,35,Male,,"White, Caucasian, or European American",,High school/GED,Working class,No on the contrary it was extremely easy to comprehend and complete.,I think it was about group perceptions.,cultural_neg
2021-04-26 16:24:49,2021-04-26 16:28:07,IP Address,172.56.22.209,100,197,True,2021-04-26 16:28:07,R_1QoyDtVbF60IIPh,,,,,41.5381927490234375,-72.8007965087890625,anonymous,EN,I do consent to participate,Okay,,Pretty good,Somewhat similar,Likely aquafruit farmer,Very satisfying,Very satisfying,Not at all satisfying,"Free education to become managers if they chose too ",Somewhat easy,"Zarpies,Vawns",Aquafruit farmer,Learning about Zarpies and answering questions about them,Please enter your age in years:,36,Male,,"White, Caucasian, or European American",,"Master's (M.A., M.S.)",Middle class,None,"How we view social groups ",cultural_pos
2021-04-26 16:25:54,2021-04-26 16:28:25,IP Address,173.187.226.219,100,151,True,2021-04-26 16:28:25,R_3p6ajjUIurPr9sd,,,,,35.2277069091796875,-92.3572998046875,anonymous,EN,I do consent to participate,Okay,,Pretty good,Very similar,Likely different job,Slightly satisfying,Not at all satisfying,Somewhat satisfying,Teach them the trade of being distribution managers,Somewhat difficult,"Zarpies,Vawns","Aquafruit farmer,Distribution manager",Learning about Zarpies and answering questions about them,Please enter your age in years:,37,Male,,"White, Caucasian, or European American",,"Bachelor's (B.A., B.S.)",Working class,No,Improving economic inequality,structural
2021-04-26 16:25:16,2021-04-26 16:28:45,IP Address,98.149.74.82,100,208,True,2021-04-26 16:28:46,R_2OGPxZ07x9vaiFZ,,,,,33.8000946044921875,-117.994903564453125,anonymous,EN,I do consent to participate,Okay,,A little good,Very different,Likely different job,Not at all satisfying,Slightly satisfying,Not at all satisfying,provide education and training,Somewhat difficult,"Zarpies,Vawns","Aquafruit farmer,Distribution manager",Learning about Zarpies and answering questions about them,Please enter your age in years:,46,Female,,East Asian,,"Bachelor's (B.A., B.S.)",Middle class,no,judging groups,cultural_neg
2021-04-26 16:22:37,2021-04-26 16:29:03,IP Address,173.225.145.75,100,386,True,2021-04-26 16:29:04,R_eDsSer3VJJnVJ3X,,,,,45.7364044189453125,-94.165802001953125,anonymous,EN,I do consent to participate,Not okay,"Very, very bad",,Somewhat different,Likely different job,Very satisfying,Slightly satisfying,Not at all satisfying,They need to pass a law making everyone equal so they can work any job without a lot of regulations.,Very difficult,"Zarpies,Vawns","Aquafruit farmer,Distribution manager",Learning about Zarpies and answering questions about them,Please enter your age in years:,64,Male,,"White, Caucasian, or European American",,"Bachelor's (B.A., B.S.)",Working class,,,structural
2021-04-26 16:26:12,2021-04-26 16:29:34,IP Address,67.83.158.146,100,202,True,2021-04-26 16:29:35,R_2aP8fCYfPmdO508,,,,,41.1461944580078125,-73.9965972900390625,anonymous,EN,I do consent to participate,Okay,,A little good,Very different,Likely different job,Slightly satisfying,Somewhat satisfying,Not at all satisfying,Make a training program to learn how to be managers.,Somewhat easy,"Zarpies,Vawns","Aquafruit farmer,Distribution manager",Learning about Zarpies and answering questions about them,Please enter your age in years:,28,Male,,"White, Caucasian, or European American",,"Bachelor's (B.A., B.S.)",Poor,"no issues, all pages loaded properly",a reflection of politics in the real world.,biological_neg
2021-04-26 16:22:16,2021-04-26 16:31:17,IP Address,216.45.53.154,100,541,True,2021-04-26 16:31:18,R_1E6ANFjqmTrWikz,,,,,34.048492431640625,-118.252899169921875,anonymous,EN,I do consent to participate,Not okay,Pretty bad,,Somewhat similar,Likely aquafruit farmer,Somewhat satisfying,Not at all satisfying,Very satisfying,"I would invest more money in the education system in areas that are more heavily populated by Zarpies. If their children have more access to higher quality education, then maybe they will have more opportunities later in life.",Somewhat difficult,"Zarpies,Vawns","Aquafruit farmer,Distribution manager",Learning about Zarpies and answering questions about them,Please enter your age in years:,40,Male,,Middle Eastern or North African,,"Doctoral (Ph.D., J.D., M.D.)",Middle class,,Probably something looking at how different people view how fair the differences in opportunities for people from different socioeconomic/racial/gender... backgrounds are?,biological_neg
2021-04-26 16:21:01,2021-04-26 16:31:55,IP Address,47.205.179.35,100,653,True,2021-04-26 16:31:55,R_ezdWptsPDv0nG0x,,,,,27.5594940185546875,-82.393402099609375,anonymous,EN,I do consent to participate,Okay,,Pretty good,Somewhat different,Likely aquafruit farmer,Somewhat satisfying,Very satisfying,Very satisfying,"I would try and help them learn how to work as distribution mangers. Even though their hands are bigger, they still can be trained. And if they see better in water, maybe ",Somewhat easy,Zarpies,Distribution manager,Learning about Zarpies and answering questions about them,Please enter your age in years:,71,Female,,"White, Caucasian, or European American",,"Bachelor's (B.A., B.S.)",Middle class,no problems,reading comprehension,biological_pos
2021-04-26 16:20:51,2021-04-26 16:33:16,IP Address,69.251.108.191,100,744,True,2021-04-26 16:33:16,R_2wNaPDh2HS25aO3,,,,,38.584503173828125,-76.89409637451171875,anonymous,EN,I do consent to participate,Okay,,A little good,Very different,Likely different job,Extremely satisfying,Somewhat satisfying,Not at all satisfying,I would have the zarpie's pay increased for a limited time while working as distribution managers.,Very easy,"Zarpies,Vawns","Aquafruit farmer,Distribution manager",Learning about Zarpies and answering questions about them,Please enter your age in years:,25,Female,,"White, Caucasian, or European American",,Some college,Middle class,,,biological_pos
2021-04-26 16:30:02,2021-04-26 16:35:46,IP Address,108.4.69.49,100,344,True,2021-04-26 16:35:46,R_27Dt7kX0fmTYDVk,,,,,37.511505126953125,-77.56620025634765625,anonymous,EN,I do consent to participate,Okay,,A little good,Somewhat different,Likely different job,Very satisfying,Not at all satisfying,Not at all satisfying,"I would get the Vawns to teach the Zarpies the skills of a distribution manager. I think educating them about a different way of life could encourage some to pursue other careers. ",Somewhat easy,"Zarpies,Vawns","Aquafruit farmer,Distribution manager",Learning about Zarpies and answering questions about them,Please enter your age in years:,51,Female,,Black or African American,,"Bachelor's (B.A., B.S.)",Middle class,n/a,"I am not sure. Maybe find a correlation between class and work. ",cultural_pos
2021-04-26 16:31:41,2021-04-26 16:37:11,IP Address,68.34.28.219,100,329,True,2021-04-26 16:37:11,R_1Ny9PwkhDm0g9QV,,,,,42.3343963623046875,-83.17559814453125,anonymous,EN,I do consent to participate,Not okay,Pretty bad,,Very different,Likely different job,Slightly satisfying,Not at all satisfying,Not at all satisfying,"I would change the hiring policy for distribution managers to make sure at least 25% of the workforce is Zarpies. ",Somewhat difficult,"Zarpies,Vawns","Aquafruit farmer,Distribution manager",Learning about Zarpies and answering questions about them,Please enter your age in years:,23,Female,,South or Southeast Asian,,Some college,Middle class,,,cultural_neg
2021-04-26 16:32:56,2021-04-26 16:37:49,IP Address,71.254.204.156,100,292,True,2021-04-26 16:37:49,R_UoKCHmI26Vpm5FL,,,,,40.178802490234375,-77.00469970703125,anonymous,EN,I do consent to participate,Not okay,Pretty bad,,Very different,Likely aquafruit farmer,Slightly satisfying,Not at all satisfying,Not at all satisfying,I would give them high paying jobs in the distribution business as well as job training.,Somewhat difficult,"Zarpies,Vawns","Aquafruit farmer,Distribution manager",Learning about Zarpies and answering questions about them,Please enter your age in years:,53,Female,,"White, Caucasian, or European American,Middle Eastern or North African",,"Bachelor's (B.A., B.S.)",Poor,"no, no",data gathering,biological_pos
2021-04-26 16:35:48,2021-04-26 16:39:20,IP Address,24.18.153.117,100,211,True,2021-04-26 16:39:20,R_vuTIskyzTtmrN6h,,,,,47.3235931396484375,-122.318695068359375,anonymous,EN,I do consent to participate,Not okay,Pretty bad,,Equally similar and different,Likely different job,Somewhat satisfying,Slightly satisfying,Not at all satisfying,I would lessen the amount of paperwork required for Zarpies to work as distribution managers. That seems to be a big hangup. I would just try and streamline what I could.,Somewhat easy,"Zarpies,Vawns","Aquafruit farmer,Distribution manager",Learning about Zarpies and answering questions about them,Please enter your age in years:,30,Male,,"White, Caucasian, or European American",,"Bachelor's (B.A., B.S.)",Working class,,,structural
2021-04-26 16:36:18,2021-04-26 16:40:05,IP Address,160.3.215.158,100,227,True,2021-04-26 16:40:05,R_2bIYRfvNPcqryY2,,,,,33.6464996337890625,-96.61319732666015625,anonymous,EN,I do consent to participate,Okay,,A little good,Equally similar and different,Likely different job,Not at all satisfying,Not at all satisfying,Somewhat satisfying,Provide training for the Zarpies in how to be a distribution manager while providing training for the V's in equality.,Somewhat difficult,Zarpies,"Aquafruit farmer,Distribution manager",Learning about Zarpies and answering questions about them,Please enter your age in years:,51,Female,,"White, Caucasian, or European American",,"Master's (M.A., M.S.)",Middle class,no,,cultural_neg
2021-04-26 16:36:13,2021-04-26 16:40:13,IP Address,199.255.69.217,100,239,True,2021-04-26 16:40:13,R_1LHCYnQHTrlJjey,,,,,36.6739044189453125,-88.4253997802734375,anonymous,EN,I do consent to participate,Not okay,Pretty bad,,Somewhat similar,Likely aquafruit farmer,Very satisfying,Slightly satisfying,Not at all satisfying,I would explain to them the benefits of distribution management  and ask them what they want/,Very easy,"Zarpies,Vawns","Aquafruit farmer,Distribution manager",Learning about Zarpies and answering questions about them,Please enter your age in years:,28,Male,,"White, Caucasian, or European American",,"Bachelor's (B.A., B.S.)",Middle class,"No everything made sense and it as easy to do, I felt a little less confident when it came to answering the ""1 thing I would do"" question because it seems like a pretty simple and direct task to get the varpies to change jobs.",I'm not for sure really,cultural_pos
2021-04-26 16:37:40,2021-04-26 16:41:48,IP Address,75.132.176.211,100,247,True,2021-04-26 16:41:49,R_eh2iqPY9VO8emLD,,,,,38.568206787109375,-89.8964996337890625,anonymous,EN,I do consent to participate,Okay,,A little good,Somewhat different,Likely aquafruit farmer,Somewhat satisfying,Slightly satisfying,Not at all satisfying,Find other ways to harvest the aquafruit so that Zarpies can do other jobs.,Somewhat difficult,"Zarpies,Vawns","Aquafruit farmer,Distribution manager",Learning about Zarpies and answering questions about them,Please enter your age in years:,46,Female,,"White, Caucasian, or European American",,"Bachelor's (B.A., B.S.)",Middle class,no,Whether people should be lumped into doing one thing or have the opportunity to do other things.,biological_pos
2021-04-26 16:30:26,2021-04-26 16:42:33,IP Address,68.171.91.170,100,726,True,2021-04-26 16:42:33,R_2U3N8cjDsjF5MOS,,,,,36.2467041015625,-93.10540008544921875,anonymous,EN,I do consent to participate,Okay,,A little good,Very similar,For sure aquafruit farmer,Not at all satisfying,Not at all satisfying,Very satisfying,Train Zarpies to learn the management skills they need to know.,Very easy,"Zarpies,Vawns","Aquafruit farmer,Distribution manager",Learning about Zarpies and answering questions about them,Please enter your age in years:,46,Female,,"White, Caucasian, or European American",,Some college,Working class,"I think it was fine, but I've done similar studies, so perhaps weeding us out a little beforehand. Doesn't help me any, but it's honset",Current socio-economic challenges.,biological_neg
2021-04-26 16:35:52,2021-04-26 16:45:49,IP Address,24.155.48.156,100,596,True,2021-04-26 16:45:49,R_1dhL02bZ7u88dpA,,,,,27.6775970458984375,-97.3650970458984375,anonymous,EN,I do consent to participate,Okay,,A little good,Very different,Likely aquafruit farmer,Not at all satisfying,Not at all satisfying,Not at all satisfying,I would see who would be interested in doing the work of a distribution manager and offer training.  This training scheme would help them familiarize themselves with the job and what it entails.  Education is key.  Then the Zarpies would be more equipped to have a choice as to what they want to do.,Very easy,"Zarpies,Vawns","Aquafruit farmer,Distribution manager",Learning about Zarpies and answering questions about them,Please enter your age in years:,53,Male,,"White, Caucasian, or European American",,Some college,Middle class,No problems,Profiling people?,biological_neg
2021-04-26 16:42:46,2021-04-26 16:46:19,IP Address,73.134.223.36,100,212,True,2021-04-26 16:46:19,R_bg3xTgcx43uC4Y9,,,,,39.329803466796875,-76.63500213623046875,anonymous,EN,I do consent to participate,Okay,,A little good,Very different,Likely aquafruit farmer,Very satisfying,Slightly satisfying,Somewhat satisfying,promise them better pay than they currently make if they change jobs,Somewhat easy,"Zarpies,Vawns","Aquafruit farmer,Distribution manager",Learning about Zarpies and answering questions about them,Please enter your age in years:,34,Male,,"White, Caucasian, or European American",,"Bachelor's (B.A., B.S.)",Working class,,,cultural_pos
2021-04-26 16:44:19,2021-04-26 16:47:24,IP Address,68.8.163.160,100,184,True,2021-04-26 16:47:24,R_3PcKJwnOu5iHRk4,,,,,32.7104034423828125,-117.05279541015625,anonymous,EN,I do consent to participate,Not okay,"Very, very bad",,Somewhat different,Likely different job,Slightly satisfying,Somewhat satisfying,Not at all satisfying,Make the paperwork process easier to complete for Zarpies so they could qualify for the distribution manager position.,Very easy,"Zarpies,Vawns","Aquafruit farmer,Distribution manager",Learning about Zarpies and answering questions about them,Please enter your age in years:,39,Male,,"White, Caucasian, or European American",,High school/GED,Working class,No issues,Thoughts about different social groups.,structural
2021-04-26 16:48:57,2021-04-26 16:51:04,IP Address,184.57.164.219,100,127,True,2021-04-26 16:51:04,R_2B4nI2RN5fMsEY7,,,,,39.716796875,-84.157501220703125,anonymous,EN,I do consent to participate,Okay,,A little good,Somewhat similar,Likely different job,Extremely satisfying,Very satisfying,Slightly satisfying,I would let younger Zarpies have a scholarship program to learn to be managers. Maybe promote it in schools while young as well.,Very difficult,"Zarpies,Vawns","Aquafruit farmer,Distribution manager",Learning about Zarpies and answering questions about them,Please enter your age in years:,27,Male,,"White, Caucasian, or European American",,"Bachelor's (B.A., B.S.)",Working class,,,cultural_pos
2021-04-26 16:47:55,2021-04-26 16:51:39,IP Address,71.71.48.245,100,223,True,2021-04-26 16:51:39,R_27QdIXOpWwiJhJr,,,,,35.8220062255859375,-80.26149749755859375,anonymous,EN,I do consent to participate,Okay,,A little good,Somewhat different,Likely aquafruit farmer,Very satisfying,Not at all satisfying,Not at all satisfying,Pay for their training.,Somewhat easy,"Zarpies,Vawns","Aquafruit farmer,Distribution manager",Learning about Zarpies and answering questions about them,Please enter your age in years:,39,Male,,"White, Caucasian, or European American",,Some college,Working class,no,I have no idea.,cultural_neg
2021-04-26 16:50:59,2021-04-26 16:54:56,IP Address,75.32.5.219,100,236,True,2021-04-26 16:54:57,R_3DjsNcbeRHfDvvt,,,,,32.963592529296875,-96.74680328369140625,anonymous,EN,I do consent to participate,Not okay,Pretty bad,,Somewhat different,For sure different job,Somewhat satisfying,Slightly satisfying,Not at all satisfying,Make sure they do not have to fill out complicated applications for this work compared to the others.,Somewhat easy,"Zarpies,Vawns","Aquafruit farmer,Distribution manager",Learning about Zarpies and answering questions about them,Please enter your age in years:,47,Male,,"White, Caucasian, or European American",,"Bachelor's (B.A., B.S.)",Middle class,,,structural
2021-04-26 16:52:08,2021-04-26 16:57:51,IP Address,174.246.0.162,100,342,True,2021-04-26 16:57:51,R_SUAAEIbbEH2ak4V,,,,,47.6631011962890625,-122.3029022216796875,anonymous,EN,I do consent to participate,Okay,,A little good,Somewhat different,Likely different job,Very satisfying,Slightly satisfying,Not at all satisfying,I think I would add more education and training for the Zarpies so that they can feel suited for the job and be hired.,Somewhat easy,"Zarpies,Vawns","Aquafruit farmer,Distribution manager",Learning about Zarpies and answering questions about them,Please enter your age in years:,66,Female,,"White, Caucasian, or European American",,Some college,Working class,no,To see whether people think the poor could raise themselves into another upper class or job.,biological_pos
2021-04-26 16:51:28,2021-04-26 16:58:35,IP Address,73.189.143.60,100,427,True,2021-04-26 16:58:36,R_2zCKApljGIvxWNy,,,,,37.9860992431640625,-122.5688018798828125,anonymous,EN,I do consent to participate,Not okay,"Very, very bad",,Equally similar and different,Likely different job,Somewhat satisfying,Not at all satisfying,Somewhat satisfying,"Create public schools to train distribution managers, and that admit Zarpies.",Somewhat difficult,"Zarpies,Vawns","Aquafruit farmer,Distribution manager",Learning about Zarpies and answering questions about them,Please enter your age in years:,28,Male,,"White, Caucasian, or European American",,"Bachelor's (B.A., B.S.)",Middle class,None.,Perceptions of social inequality and thoughts about helping disadvantaged groups.,biological_neg
2021-04-26 16:54:12,2021-04-26 17:02:55,IP Address,73.69.45.121,100,522,True,2021-04-26 17:02:55,R_2sZ166dcvdtuggE,,,,,41.7111053466796875,-70.48870086669921875,anonymous,EN,I do consent to participate,Okay,,A little good,Somewhat different,Likely different job,Somewhat satisfying,Not at all satisfying,Somewhat satisfying,Offer the Zarpies bonuses or supplemental income if they will switch jobs.,Somewhat easy,"Zarpies,Vawns","Aquafruit farmer,Distribution manager",Learning about Zarpies and answering questions about them,Please enter your age in years:,45,Male,,"White, Caucasian, or European American",,"Master's (M.A., M.S.)",Working class,,,biological_neg
2021-04-26 16:53:56,2021-04-26 17:06:22,IP Address,67.172.52.203,100,745,True,2021-04-26 17:06:22,R_VOLIpVc6UQdNuG5,,,,,41.4355010986328125,-79.690399169921875,anonymous,EN,I do consent to participate,Okay,,A little good,Somewhat different,Likely aquafruit farmer,Very satisfying,Not at all satisfying,Not at all satisfying,"Create a training program so Zarpies can see how distribution managers work, and how it would be an easier job than aquafruit farming.",Very easy,"Zarpies,Vawns","Aquafruit farmer,Distribution manager",Learning about Zarpies and answering questions about them,Please enter your age in years:,33,Male,,"White, Caucasian, or European American",,"Bachelor's (B.A., B.S.)",Poor,"On the one page this sentence was given: ""Aquafruit are fruit grow underwater off the coast of islands in this area."" It would make more sense if it said ""fruit that grow underwater""",How people think about different groups and the jobs they do.,cultural_pos
2021-04-26 17:00:34,2021-04-26 17:08:12,IP Address,47.39.40.57,100,458,True,2021-04-26 17:08:13,R_2wdm76X1YO8yMTq,,,,,43.2270050048828125,-123.51580047607421875,anonymous,EN,I do consent to participate,Okay,,Pretty good,Very similar,Likely different job,Very satisfying,Extremely satisfying,Somewhat satisfying,Very satisfied for color most of the people select this one,Somewhat easy,"Vawns,Glerks","Distribution manager,Strawberry farmer",Learning about Zarpies and answering questions about them,Please enter your age in years:,45,Male,,Black or African American,,"Master's (M.A., M.S.)",Middle class,None,The hole survey is I like vey much,biological_pos
2021-04-26 17:06:12,2021-04-26 17:10:50,IP Address,73.125.20.223,100,278,True,2021-04-26 17:10:50,R_31SeGf9WXp4fmGO,,,,,26.3480072021484375,-80.14980316162109375,anonymous,EN,I do consent to participate,Not okay,Pretty bad,,Somewhat similar,For sure different job,Very satisfying,Somewhat satisfying,Very satisfying,I would provide more opportunities for Zarpies to work as distribution managers by creating more openings for the position and give them the training they need.,Somewhat easy,"Zarpies,Vawns","Aquafruit farmer,Distribution manager",Learning about Zarpies and answering questions about them,Please enter your age in years:,30,Male,,East Asian,,"Bachelor's (B.A., B.S.)",Middle class,No issues.,This study is about how fictional scenarios can be applied to real life people who has to work in dangerous environments for little pay.,biological_neg
2021-04-26 17:07:25,2021-04-26 17:11:12,IP Address,47.6.220.138,100,226,True,2021-04-26 17:11:12,R_1gbXh8nO17oatuo,,,,,46.592193603515625,-120.529998779296875,anonymous,EN,I do consent to participate,Not okay,"Very, very bad",,Very similar,For sure different job,Somewhat satisfying,Not at all satisfying,Not at all satisfying,I would get rid of the complex paperwork which is an obstacle.,Somewhat easy,"Zarpies,Vawns","Aquafruit farmer,Distribution manager",Learning about Zarpies and answering questions about them,Please enter your age in years:,53,Female,,"White, Caucasian, or European American",,"Bachelor's (B.A., B.S.)",Working class,,,structural
2021-04-26 17:03:36,2021-04-26 17:13:31,IP Address,69.137.191.111,100,594,True,2021-04-26 17:13:31,R_2cni0AhJtoa7jsJ,,,,,32.4062957763671875,-111.06330108642578125,anonymous,EN,I do consent to participate,Okay,,A little good,Somewhat different,Likely aquafruit farmer,Extremely satisfying,Slightly satisfying,Not at all satisfying,I would increase compensation for distribution managers to try and incentivize more Zarpies to go that route.,Somewhat easy,"Zarpies,Vawns","Aquafruit farmer,Distribution manager",Learning about Zarpies and answering questions about them,Please enter your age in years:,23,Female,,"White, Caucasian, or European American,Hispanic or Latino/a",,High school/GED,Poor,,,biological_pos
2021-04-26 17:03:50,2021-04-26 17:15:23,IP Address,172.0.73.38,100,692,True,2021-04-26 17:15:23,R_bvZV8IPLY86fgbv,,,,,37.9759979248046875,-122.33589935302734375,anonymous,EN,I do consent to participate,Not okay,"Very, very bad",,Very similar,Likely different job,Slightly satisfying,Slightly satisfying,Not at all satisfying,I would create a special part time distribution manager position for the Zarpies. This would still them pay them the same full-time salary as the Vawns but would require them to work much fewer hours. This way they would still have some time to enjoy the ocean and help farm aquafruit if they still desired to do so. I would make this possible by requiring the Vawns to take less pay and to have them work longer full-time shifts. This would balance out the economics on the island slightly so that some Zarpies could enjoy the benefits of fair pay for work and still have their traditions.,Somewhat difficult,"Zarpies,Vawns","Aquafruit farmer,Distribution manager",Learning about Zarpies and answering questions about them,Please enter your age in years:,33,Male,,Black or African American,,Some college,Middle class,I didn't have any problems with this task.,I think this study was about one's perception of race and tradition and how that affect's one perception of socioeconomics.,cultural_pos
2021-04-26 17:18:55,2021-04-26 17:18:58,IP Address,12.204.36.3,100,2,True,2021-04-26 17:18:58,R_xDiypbmMnnSCInv,,,,,32.8983001708984375,-96.1260986328125,anonymous,EN,I do NOT consent to participate,,,,,,,,,,,,,,,,,,,,,,,,
2021-04-26 17:15:42,2021-04-26 17:19:04,IP Address,96.3.154.154,100,201,True,2021-04-26 17:19:04,R_3jZQoaf2ffnl4UF,,,,,44.9048004150390625,-97.124298095703125,anonymous,EN,I do consent to participate,Not okay,"Very, very bad",,Somewhat similar,Likely different job,Not at all satisfying,Not at all satisfying,Very satisfying,Changes the laws so it is easier for Zarpies to work as managers.,Somewhat difficult,"Zarpies,Vawns","Aquafruit farmer,Distribution manager",Learning about Zarpies and answering questions about them,Please enter your age in years:,30,Male,,"White, Caucasian, or European American",,Some college,Working class,the task was easy and worked fine.,discrimination. A3EG4C9T4F5DUR,structural
2021-04-26 17:16:46,2021-04-26 17:20:41,IP Address,174.126.143.151,100,235,True,2021-04-26 17:20:42,R_2yjwI4xUF1uTx4F,,,,,33.4795989990234375,-88.3527984619140625,anonymous,EN,I do consent to participate,Okay,,Pretty good,Somewhat different,For sure different job,Extremely satisfying,Extremely satisfying,Slightly satisfying,I would set up a way for them to get accepted in these positions easier.,Somewhat easy,"Zarpies,Vawns","Aquafruit farmer,Distribution manager",Learning about Zarpies and answering questions about them,Please enter your age in years:,45,Female,,"White, Caucasian, or European American",,"Bachelor's (B.A., B.S.)",Middle class,No,unsure,biological_pos
2021-04-26 17:13:34,2021-04-26 17:21:21,IP Address,98.26.8.159,100,466,True,2021-04-26 17:21:21,R_8ArNqwad4gmvyJr,,,,,35.7633056640625,-78.70999908447265625,anonymous,EN,I do consent to participate,Not okay,"Very, very bad",,Very similar,For sure different job,Somewhat satisfying,Not at all satisfying,Not at all satisfying,"Groom Zarpie children to become distribution managers. The older Zarpies may unfortunately be socially conditioned to be subordinates. We recruit talent from the older Zarpies but focus on grooming the next generation. ",Very easy,"Zarpies,Vawns","Aquafruit farmer,Distribution manager",Learning about Zarpies and answering questions about them,Please enter your age in years:,39,Male,,Black or African American,,Some college,Poor,,This feels like a study about social inequality.,cultural_neg
2021-04-26 17:09:03,2021-04-26 17:23:19,IP Address,107.202.185.169,100,855,True,2021-04-26 17:23:20,R_33sDK4uUrcRV38V,,,,,41.8878936767578125,-88.19950103759765625,anonymous,EN,I do consent to participate,Not okay,Pretty bad,,Very different,For sure different job,Slightly satisfying,Not at all satisfying,Somewhat satisfying,"I would offer economic incentives. More specifically, I would give three months salary as a Zarpie farmer if they switch to become a manager.",Somewhat easy,"Zarpies,Vawns","Aquafruit farmer,Distribution manager",Learning about Zarpies and answering questions about them,Please enter your age in years:,31,Male,,"White, Caucasian, or European American",,"Bachelor's (B.A., B.S.)",Middle class,"No, I did not find anything to be confusing. Rather, I would leave this study as-is.","If I have to guess, it gauges how participants view low wage workers.",cultural_neg
2021-04-26 17:21:01,2021-04-26 17:24:57,IP Address,12.204.36.3,100,236,True,2021-04-26 17:24:57,R_2Bh3YS9HqOEproM,,,,,32.8983001708984375,-96.1260986328125,anonymous,EN,I do consent to participate,Not okay,Pretty bad,,Very different,Likely different job,Slightly satisfying,Slightly satisfying,Very satisfying,Fund better education opportunities for Zarpies so they can acquire the necessary skills to compete for positions like distribution managers.,Somewhat easy,"Zarpies,Vawns","Aquafruit farmer,Distribution manager",Learning about Zarpies and answering questions about them,Please enter your age in years:,28,Male,,"White, Caucasian, or European American",,High school/GED,Working class,No,Probably studying race or immigration.,cultural_pos
2021-04-26 16:47:11,2021-04-26 17:36:55,IP Address,191.101.133.102,100,2984,True,2021-04-26 17:37:34,R_3qaMWMJpeAK3nWb,,,,,40.7126007080078125,-74.00659942626953125,anonymous,EN,I do consent to participate,Okay,,Pretty good,Somewhat similar,Likely different job,Very satisfying,Somewhat satisfying,Very satisfying,"Train them to work, live and have managerial ethics. ",Somewhat easy,"Zarpies,Vawns","Aquafruit farmer,Distribution manager",Learning about Zarpies and answering questions about them,Please enter your age in years:,30,Male,,Hispanic or Latino/a,,"Bachelor's (B.A., B.S.)",Middle class,none,"Consumer perceptions on different groups in the society. ",biological_neg
2021-04-26 17:57:13,2021-04-26 17:59:49,IP Address,173.23.127.126,100,155,True,2021-04-26 17:59:50,R_11WNe0PNlPaqfTT,,,,,37.1136932373046875,-93.2895965576171875,anonymous,EN,I do consent to participate,Not okay,Pretty bad,,Very different,Likely different job,Not at all satisfying,Slightly satisfying,Somewhat satisfying,I would try to make it more equal in hiring for managers.  Based it on qualifications as opposed what the person is.,Very difficult,"Zarpies,Vawns","Aquafruit farmer,Distribution manager",Learning about Zarpies and answering questions about them,Please enter your age in years:,33,Male,,"White, Caucasian, or European American",,"Bachelor's (B.A., B.S.)",Middle class,no,feelings on job equality,cultural_neg
2021-04-26 17:54:11,2021-04-26 18:03:35,IP Address,131.106.53.170,100,563,True,2021-04-26 18:03:35,R_Ap2FKYKNNOfMlK9,,,,,40.6027069091796875,-75.4777984619140625,anonymous,EN,I do consent to participate,Not okay,A little bad,,Somewhat different,Likely aquafruit farmer,Not at all satisfying,Slightly satisfying,Slightly satisfying,Make the paperwork required for other jobs to be less expensive and less complex,Somewhat difficult,"Zarpies,Vawns","Aquafruit farmer,Distribution manager",Learning about Zarpies and answering questions about them,Please enter your age in years:,39,Male,,"White, Caucasian, or European American",,"Bachelor's (B.A., B.S.)",Middle class,,,structural
2021-04-26 18:01:52,2021-04-26 18:05:35,IP Address,192.181.181.202,100,223,True,2021-04-26 18:05:35,R_6zG5NnSztDQKoi5,,,,,39.317901611328125,-84.24829864501953125,anonymous,EN,I do consent to participate,Okay,,Pretty good,Somewhat different,Likely different job,Very satisfying,Not at all satisfying,Slightly satisfying,Start having young Zarpies job shadow Vawns at work.,Somewhat easy,"Zarpies,Vawns","Aquafruit farmer,Distribution manager",Learning about Zarpies and answering questions about them,Please enter your age in years:,31,Male,,"White, Caucasian, or European American",,"Doctoral (Ph.D., J.D., M.D.)",Middle class,I had no issues.,I think its about attributing certain jobs to certain racial groups.,biological_neg
2021-04-26 18:08:42,2021-04-26 18:12:42,IP Address,70.37.197.92,100,240,True,2021-04-26 18:12:42,R_3PFYRFF7QYHey4J,,,,,42.503692626953125,-97.205596923828125,anonymous,EN,I do consent to participate,Not okay,Pretty bad,,Somewhat different,Likely different job,Slightly satisfying,Not at all satisfying,Not at all satisfying,I would change the paperwork requirements for Zarpies to work as distribution managers.,Very easy,"Zarpies,Vawns","Aquafruit farmer,Distribution manager",Learning about Zarpies and answering questions about them,Please enter your age in years:,38,Female,,"White, Caucasian, or European American",,Some college,Middle class,I had no issues at all and liked the way it was set up.,Whether or not we should just accept the way things are.,structural
2021-04-26 18:04:33,2021-04-26 18:22:43,IP Address,205.244.36.236,100,1089,True,2021-04-26 18:22:43,R_1IHjzVbrq4CnoZP,,,,,41.8368072509765625,-75.53070068359375,anonymous,EN,I do consent to participate,Okay,,A little good,Somewhat different,Likely aquafruit farmer,Slightly satisfying,Somewhat satisfying,Very satisfying,I would establish education and training for Zarpies to facilitate their working as distribution managers and to further normalize their entrance into that field. Perhaps this education could be free or subsidized for well qualified candidates and would be accompanied by a push in public awareness that this path is and should be available for all groups.,Somewhat difficult,"Zarpies,Vawns","Aquafruit farmer,Distribution manager",Learning about Zarpies and answering questions about them,Please enter your age in years:,43,Male,,"White, Caucasian, or European American",,Some college,Working class,"Everything seemed clear. ","Perhaps the study relates to perceptions of people in different economic classes and their chances for upward mobility. ",biological
2021-04-26 18:23:46,2021-04-26 18:23:48,IP Address,173.73.32.51,100,2,True,2021-04-26 18:23:48,R_1Cd2O7VtgaW1dup,,,,,38.7480926513671875,-77.2382965087890625,anonymous,EN,I do NOT consent to participate,,,,,,,,,,,,,,,,,,,,,,,,
2021-04-26 18:23:51,2021-04-26 18:26:39,IP Address,97.98.127.91,100,167,True,2021-04-26 18:26:39,R_4Gb3otX1GmFuGsx,,,,,27.6349029541015625,-97.310302734375,anonymous,EN,I do consent to participate,Okay,,A little good,Somewhat different,Likely aquafruit farmer,Not at all satisfying,Extremely satisfying,Somewhat satisfying,Make a concerted effort to hire more Zarpies over other applicants,Somewhat difficult,"Zarpies,Vawns","Aquafruit farmer,Distribution manager",Learning about Zarpies and answering questions about them,Please enter your age in years:,37,Female,,"White, Caucasian, or European American",,"Bachelor's (B.A., B.S.)",Working class,,Whether discrimination is alright in some circumstances,biological
2021-04-26 18:25:23,2021-04-26 18:27:19,IP Address,104.222.27.33,100,115,True,2021-04-26 18:27:19,R_3GCHs4Lws4IODDC,,,,,33.590301513671875,-101.937103271484375,anonymous,EN,I do consent to participate,Okay,,A little good,Somewhat different,Likely different job,Very satisfying,Very satisfying,Slightly satisfying,I would offer them higher wages.,Somewhat easy,"Zarpies,Vawns","Aquafruit farmer,Distribution manager",Learning about Zarpies and answering questions about them,Please enter your age in years:,22,Female,,"White, Caucasian, or European American",,"Bachelor's (B.A., B.S.)",Working class,,,cultural
2021-04-26 18:32:32,2021-04-26 18:47:02,IP Address,69.47.24.120,100,869,True,2021-04-26 18:47:02,R_3kBUL67L8k31Wvp,,,,,41.662994384765625,-87.8524017333984375,anonymous,EN,I do consent to participate,Okay,,A little good,Somewhat different,Likely aquafruit farmer,Very satisfying,Slightly satisfying,Not at all satisfying,I would speak to the Zarpies and encourage some of them to work as distribution managers by focusing on the much more comfortable wage they would be earning and how they could invest that money back into the Zarpie community and lift their entire community up economically.,Somewhat difficult,"Zarpies,Vawns","Aquafruit farmer,Distribution manager",Learning about Zarpies and answering questions about them,Please enter your age in years:,40,Female,,"White, Caucasian, or European American",,"Bachelor's (B.A., B.S.)",Middle class,,,cultural
2021-04-26 18:51:03,2021-04-26 18:55:20,IP Address,47.186.76.181,100,256,True,2021-04-26 18:55:20,R_1ZUjQGwCW2kr03f,,,,,33.003204345703125,-96.54340362548828125,anonymous,EN,I do consent to participate,Okay,,Pretty good,Equally similar and different,Likely different job,Very satisfying,Somewhat satisfying,Slightly satisfying,I would try to pass a bill and presenting an argument on national TV vouching for Zarpies to be able to try different jobs and try being distributions managers.,Somewhat difficult,"Zarpies,Vawns","Aquafruit farmer,Distribution manager",Learning about Zarpies and answering questions about them,Please enter your age in years:,22,Male,,South or Southeast Asian,,Some college,Middle class,,,structural
2021-04-26 18:57:03,2021-04-26 19:01:52,IP Address,24.119.143.223,100,288,True,2021-04-26 19:01:52,R_1LRwIlbtSbVqetK,,,,,42.0325927734375,-97.4264984130859375,anonymous,EN,I do consent to participate,Okay,,Pretty good,Somewhat different,Likely aquafruit farmer,Extremely satisfying,Somewhat satisfying,Not at all satisfying,Working as a distribution manager is a very low risk and high paying job.,Very easy,"Zarpies,Vawns","Aquafruit farmer,Distribution manager",Learning about Zarpies and answering questions about them,Please enter your age in years:,43,Male,,"White, Caucasian, or European American",,Some college,Middle class,no,I don't know,biological
2021-04-26 19:01:10,2021-04-26 19:04:10,IP Address,70.189.80.219,100,180,True,2021-04-26 19:04:11,R_2wmoHnfmNiGaCGr,,,,,36.0605926513671875,-95.9456024169921875,anonymous,EN,I do consent to participate,Not okay,Pretty bad,,Somewhat different,Likely different job,Somewhat satisfying,Slightly satisfying,Slightly satisfying,Educate them and set them up for success at that job,Somewhat difficult,"Zarpies,Hibbles","Aquafruit farmer,Distribution manager",Learning about Zarpies and answering questions about them,Please enter your age in years:,31,Female,,"White, Caucasian, or European American",,High school/GED,Middle class,,,biological
2021-04-26 18:32:55,2021-04-26 19:11:06,IP Address,65.30.191.160,100,2290,True,2021-04-26 19:11:06,R_22Xn2G4IpB2z0Ch,,,,,42.9510040283203125,-87.94370269775390625,anonymous,EN,I do consent to participate,Not okay,"Very, very bad",,Very similar,For sure different job,Not at all satisfying,Not at all satisfying,Not at all satisfying,"I would give the Zarpies a better education. That way the paperwork would not be so daunting and difficult for them. They need opportunity more than anything else. ",Very easy,"Zarpies,Vawns","Aquafruit farmer,Distribution manager",Learning about Zarpies and answering questions about them,Please enter your age in years:,49,Female,,East Asian,,"Bachelor's (B.A., B.S.)",Middle class,,,structural
2021-04-26 19:22:12,2021-04-26 19:26:50,IP Address,98.111.116.158,100,277,True,2021-04-26 19:26:50,R_3EMUfXOIzpBs9hU,,,,,40.274993896484375,-76.80390167236328125,anonymous,EN,I do consent to participate,Okay,,Pretty good,Somewhat different,For sure different job,Somewhat satisfying,Slightly satisfying,Slightly satisfying,"Offer a Zarpie a job as a manager and tell him to recommend the job to his friends and family if he enjoys it. ",Somewhat difficult,"Zarpies,Vawns","Aquafruit farmer,Distribution manager",Learning about Zarpies and answering questions about them,Please enter your age in years:,29,Male,,"White, Caucasian, or European American",,Some college,Working class,nope,"something about social hierarchies ",cultural
2021-04-26 19:24:08,2021-04-26 19:27:01,IP Address,76.82.79.163,100,173,True,2021-04-26 19:27:01,R_3MnvHnU510bFBMS,,,,,33.92120361328125,-118.14239501953125,anonymous,EN,I do consent to participate,Not okay,Pretty bad,,Very different,Likely aquafruit farmer,Somewhat satisfying,Somewhat satisfying,Not at all satisfying,"Include training for Zarpies to move up and become distribution managers. ",Somewhat easy,"Zarpies,Vawns",Aquafruit farmer,Learning about Zarpies and answering questions about them,Please enter your age in years:,27,Female,,South or Southeast Asian,,"Bachelor's (B.A., B.S.)",Poor,,,structural
2021-04-26 19:36:52,2021-04-26 19:40:25,IP Address,71.236.67.104,100,213,True,2021-04-26 19:40:25,R_etzWIQLAkjWiUg1,,,,,40.1587982177734375,-79.81220245361328125,anonymous,EN,I do consent to participate,Not okay,Pretty bad,,Somewhat different,Likely different job,Slightly satisfying,Slightly satisfying,Very satisfying,reduce the cost to be hired for other jobs,Very easy,"Zarpies,Vawns","Aquafruit farmer,Distribution manager",Learning about Zarpies and answering questions about them,Please enter your age in years:,43,Male,,"White, Caucasian, or European American",,Some college,Working class,,voting laws,structural
2021-04-26 19:50:06,2021-04-26 19:53:40,IP Address,69.117.190.55,100,214,True,2021-04-26 19:53:40,R_3NwY7O5uAuXG1Kc,,,,,40.8730926513671875,-74.7425994873046875,anonymous,EN,I do consent to participate,Okay,,Pretty good,Somewhat similar,Likely different job,Somewhat satisfying,Somewhat satisfying,Not at all satisfying,I would offer Zarpies more money so the pay disparity can become closer.,Somewhat difficult,"Zarpies,Vawns","Aquafruit farmer,Distribution manager",Learning about Zarpies and answering questions about them,Please enter your age in years:,32,Male,,"White, Caucasian, or European American",,"Bachelor's (B.A., B.S.)",Middle class,,,cultural
2021-04-26 19:48:54,2021-04-26 19:54:47,IP Address,142.196.151.58,100,352,True,2021-04-26 19:54:47,R_2rIA5bh0pPpyQ1I,,,,,28.558807373046875,-81.3495025634765625,anonymous,EN,I do consent to participate,Okay,,Pretty good,Somewhat different,Likely aquafruit farmer,Somewhat satisfying,Very satisfying,Not at all satisfying,I would increase the pay to Zarpies who decide to work as distribution managers.,Very easy,"Zarpies,Vawns","Aquafruit farmer,Distribution manager",Learning about Zarpies and answering questions about them,Please enter your age in years:,37,Male,,"White, Caucasian, or European American",,"Master's (M.A., M.S.)",Affluent,No problems.,Gauging our perceptions of hypothetical people based on limited information.,biological
2021-04-26 20:24:59,2021-04-26 20:29:00,IP Address,76.87.178.24,100,240,True,2021-04-26 20:29:00,R_1hxRSR88kIruYBh,,,,,34.747100830078125,-118.3686981201171875,anonymous,EN,I do consent to participate,Not okay,"Very, very bad",,Somewhat different,Likely different job,Not at all satisfying,Not at all satisfying,Slightly satisfying,Simplify the application process.,Somewhat easy,"Zarpies,Vawns","Aquafruit farmer,Distribution manager",Learning about Zarpies and answering questions about them,Please enter your age in years:,36,Male,,Hispanic or Latino/a,,"Bachelor's (B.A., B.S.)",Working class,Everything worked fine,examining people and how governments and red tape can separate them.,structural
2021-04-26 20:34:15,2021-04-26 20:39:45,IP Address,98.230.60.199,100,329,True,2021-04-26 20:39:47,R_2TRAyX2J366pGzC,,,,,30.5218048095703125,-84.262603759765625,anonymous,EN,I do consent to participate,Okay,,Pretty good,Somewhat similar,Likely aquafruit farmer,Very satisfying,Not at all satisfying,Not at all satisfying,"I would try to explain to the zarpy that being a distribution manager is safer than harvesting aquafruit, and therefore a more desirable career.",Very easy,"Zarpies,Vawns","Aquafruit farmer,Distribution manager",Learning about Zarpies and answering questions about them,Please enter your age in years:,34,Male,,"White, Caucasian, or European American",,"Bachelor's (B.A., B.S.)",Working class,Everything was crystal clear,I have no idea.,cultural
2021-04-26 20:35:28,2021-04-26 20:40:12,IP Address,174.74.193.156,100,283,True,2021-04-26 20:40:12,R_xbB7UagkWkQ9kBP,,,,,33.6067962646484375,-112.22789764404296875,anonymous,EN,I do consent to participate,Okay,,Pretty good,Somewhat similar,Likely aquafruit farmer,Somewhat satisfying,Slightly satisfying,Not at all satisfying,They could have part time work and still farm as I think they like to farm. Possibly some would then be full time eventually as distribution managers as they got used to the work.,Somewhat easy,"Zarpies,Vawns","Aquafruit farmer,Distribution manager",Learning about Zarpies and answering questions about them,Please enter your age in years:,58,Female,,"White, Caucasian, or European American",,"Bachelor's (B.A., B.S.)",Middle class,no,Not sure sorry,biological
2021-04-26 20:51:56,2021-04-26 20:57:28,IP Address,108.34.225.234,100,331,True,2021-04-26 20:57:29,R_3Lb8ZcRaO5fFqdg,,,,,41.8307037353515625,-71.39820098876953125,anonymous,EN,I do consent to participate,Okay,,A little good,Somewhat different,Likely different job,Somewhat satisfying,Slightly satisfying,Not at all satisfying,I would ask companies running distribution centers to specifically allocate a portion of distribution manager position to Zarpies (somewhat similar to affirmative action),Somewhat easy,"Zarpies,Vawns","Aquafruit farmer,Distribution manager",Learning about Zarpies and answering questions about them,Please enter your age in years:,45,Male,,"White, Caucasian, or European American",,"Master's (M.A., M.S.)",Middle class,,"I am not sure, to be honest",cultural
2021-04-26 20:53:46,2021-04-26 21:00:00,IP Address,68.129.50.115,100,373,True,2021-04-26 21:00:00,R_1eY3OFNH8eBbShl,,,,,40.6327056884765625,-73.63330078125,anonymous,EN,I do consent to participate,Okay,,Pretty good,Somewhat different,Likely aquafruit farmer,Not at all satisfying,Very satisfying,Somewhat satisfying,"Have them work specifically with distributing aquafruit ",Somewhat difficult,"Zarpies,Vawns","Aquafruit farmer,Distribution manager",Learning about Zarpies and answering questions about them,Please enter your age in years:,32,Male,,"White, Caucasian, or European American",,High school/GED,Middle class,None,I am not sure,biological
2021-04-26 21:04:10,2021-04-26 21:10:53,IP Address,71.81.0.218,100,403,True,2021-04-26 21:10:53,R_VPaqxSSViBdXZxD,,,,,34.8307952880859375,-82.35070037841796875,anonymous,EN,I do consent to participate,Okay,,A little good,Somewhat different,Likely different job,Somewhat satisfying,Slightly satisfying,Not at all satisfying,Offer them the same higher wage that other distribution managers earn.,Somewhat easy,"Zarpies,Vawns","Aquafruit farmer,Distribution manager",Learning about Zarpies and answering questions about them,Please enter your age in years:,43,Female,,"White, Caucasian, or European American",,"Bachelor's (B.A., B.S.)",Middle class,no,income inequality?,biological
2021-04-26 21:04:39,2021-04-26 21:10:53,IP Address,97.73.81.36,100,374,True,2021-04-26 21:10:54,R_28AuPYGJToTQ2IJ,,,,,38.658294677734375,-77.24810028076171875,anonymous,EN,I do consent to participate,Not okay,Pretty bad,,Somewhat different,Likely different job,Extremely satisfying,Somewhat satisfying,Not at all satisfying,Remove the requirements for filling out expensive paperwork.,Very easy,"Zarpies,Vawns","Aquafruit farmer,Distribution manager",Learning about Zarpies and answering questions about them,Please enter your age in years:,38,Male,,"White, Caucasian, or European American,Native American, American Indian, or Alaska Native",,High school/GED,Working class,No problems.,Views on inequality.,structural
2021-04-26 21:36:19,2021-04-26 21:41:16,IP Address,74.72.142.129,100,296,True,2021-04-26 21:41:16,R_5Ayu1RtmbdOtcJ3,,,,,41.594696044921875,-74.50360107421875,anonymous,EN,I do consent to participate,Not okay,Pretty bad,,Very different,Likely aquafruit farmer,Slightly satisfying,Not at all satisfying,Not at all satisfying,I would like to get the Zarpies skill-specific education that would enable them to become distribution managers.,Very easy,"Zarpies,Vawns","Aquafruit farmer,Distribution manager",Learning about Zarpies and answering questions about them,Please enter your age in years:,42,Female,,"White, Caucasian, or European American",,Prefer not to specify,Working class,,,structural
2021-04-26 22:19:04,2021-04-26 22:22:02,IP Address,98.167.97.5,100,177,True,2021-04-26 22:22:02,R_3qrkocre0ydSVwD,,,,,36.2624969482421875,-115.1732025146484375,anonymous,EN,I do consent to participate,Okay,,A little good,Somewhat different,Likely aquafruit farmer,Very satisfying,Not at all satisfying,Not at all satisfying,Explain to zarpies that Distrubtion manager has its pros over aquafruits.,Somewhat easy,"Zarpies,Vawns","Aquafruit farmer,Distribution manager",Learning about Zarpies and answering questions about them,Please enter your age in years:,25,Male,,East Asian,,Some college,Poor,,To see how people view groups.,cultural
2021-04-26 22:25:38,2021-04-26 22:26:06,IP Address,47.229.22.105,100,27,True,2021-04-26 22:26:06,R_usryGUB1XoEqXLP,,,,,34.18359375,-118.296295166015625,anonymous,EN,I do NOT consent to participate,,,,,,,,,,,,,,,,,,,,,,,,
2021-04-26 22:23:17,2021-04-26 22:29:37,IP Address,68.103.170.223,100,379,True,2021-04-26 22:29:37,R_1eCMWDSGQ9eYfi9,,,,,37.067596435546875,-97.03569793701171875,anonymous,EN,I do consent to participate,Okay,,Pretty good,Somewhat different,Likely different job,Slightly satisfying,Slightly satisfying,Very satisfying,"Increase the freedom to work as many or less hours as a distribution manager. ",Somewhat easy,"Zarpies,Vawns","Aquafruit farmer,Distribution manager",Learning about Zarpies and answering questions about them,Please enter your age in years:,30,Male,,"White, Caucasian, or European American",,High school/GED,Working class,No.,Perception of various groups and decision making,structural
2021-04-26 22:25:41,2021-04-26 22:30:19,IP Address,96.249.219.65,100,277,True,2021-04-26 22:30:19,R_u9qaUIuIGc2b9zb,,,,,41.69189453125,-73.86419677734375,anonymous,EN,I do consent to participate,Okay,,A little good,Somewhat different,Likely aquafruit farmer,Not at all satisfying,Somewhat satisfying,Not at all satisfying,Institute an affirmative action plan to hire Zarpies as distribution managers.,Somewhat easy,"Zarpies,Vawns","Aquafruit farmer,Distribution manager",Learning about Zarpies and answering questions about them,Please enter your age in years:,54,Male,,"White, Caucasian, or European American",,Some college,Working class,No problems,I'm not sure,biological
2021-04-26 22:27:45,2021-04-26 22:30:29,IP Address,70.121.208.183,100,164,True,2021-04-26 22:30:30,R_3PTQvT73JqlY7wo,,,,,29.5442962646484375,-98.549896240234375,anonymous,EN,I do consent to participate,Okay,,Pretty good,Somewhat different,Likely aquafruit farmer,Extremely satisfying,Not at all satisfying,Not at all satisfying,"I would try to introduce the Zarpies to what the Vawns do on a daily basis and see if they're interested. I'm sure at least some Zarpies are not wholly satisfied working as farmers, so I think I could get a few Zarpies to convert to becoming managers.",Somewhat easy,"Zarpies,Vawns","Aquafruit farmer,Distribution manager",Learning about Zarpies and answering questions about them,Please enter your age in years:,25,Male,,East Asian,,"Bachelor's (B.A., B.S.)",Middle class,none,unsure,cultural
2021-04-26 22:23:11,2021-04-26 22:30:31,IP Address,73.18.116.223,100,440,True,2021-04-26 22:30:31,R_33Eb8PJdIlSx9Pu,,,,,42.2523040771484375,-83.21070098876953125,anonymous,EN,I do consent to participate,Not okay,Pretty bad,,Somewhat different,Likely different job,Slightly satisfying,Not at all satisfying,Not at all satisfying,create a program where zarpies could have their schooling or training paid for by the government so they can become managers instead of being stuck in the field of farming.,Somewhat easy,"Zarpies,Vawns","Aquafruit farmer,Distribution manager",Learning about Zarpies and answering questions about them,Please enter your age in years:,42,Male,,"White, Caucasian, or European American,Hispanic or Latino/a",,High school/GED,Working class,,,cultural
2021-04-26 22:31:07,2021-04-26 22:31:16,IP Address,98.235.77.27,100,8,True,2021-04-26 22:31:16,R_Zf7XQRibvV51y25,,,,,40.810302734375,-77.88800048828125,anonymous,EN,I do NOT consent to participate,,,,,,,,,,,,,,,,,,,,,,,,
2021-04-26 22:23:29,2021-04-26 22:31:43,IP Address,67.185.129.220,100,493,True,2021-04-26 22:31:43,R_W0g2U7FvkPc1x0l,,,,,47.698699951171875,-117.439697265625,anonymous,EN,I do consent to participate,Not okay,Pretty bad,,Somewhat different,Likely different job,Not at all satisfying,Not at all satisfying,Not at all satisfying,"I would remove the complex and expensive paperwork requirements for Zarpies trying to get jobs as distribution managers. They know the aquafruit and its benefits much better, so they should be able to sell and market it in a way the Vawns can't.",Very easy,"Zarpies,Vawns","Aquafruit farmer,Distribution manager",Learning about Zarpies and answering questions about them,Please enter your age in years:,24,Female,,Black or African American,,Some college,Middle class,"No problems with the task, the instructions were clear and understandable.",I think it's about bias and discrimination.,structural
2021-04-26 22:30:17,2021-04-26 22:32:40,IP Address,75.82.110.65,100,142,True,2021-04-26 22:32:40,R_40CTOM5MavvOktr,,,,,34.14129638671875,-118.6598968505859375,anonymous,EN,I do consent to participate,Not okay,Pretty bad,,Somewhat different,Likely different job,Not at all satisfying,Not at all satisfying,Slightly satisfying,I would arrange for more training for distribution management be given to the zarpies,Very easy,"Zarpies,Vawns","Aquafruit farmer,Distribution manager",Learning about Zarpies and answering questions about them,Please enter your age in years:,38,Female,,"White, Caucasian, or European American",,"Master's (M.A., M.S.)",Middle class,No,"Inequality ",structural
2021-04-26 22:29:22,2021-04-26 22:35:17,IP Address,69.23.205.128,100,355,True,2021-04-26 22:35:18,R_sYeuUy6NzZ6xANb,,,,,31.2200927734375,-85.46710205078125,anonymous,EN,I do consent to participate,Not okay,Pretty bad,,Equally similar and different,Likely different job,Somewhat satisfying,Slightly satisfying,Not at all satisfying,I would train and recruit the Zarpies,Very easy,"Zarpies,Vawns","Aquafruit farmer,Distribution manager",Learning about Zarpies and answering questions about them,Please enter your age in years:,56,Female,,Black or African American,,"Bachelor's (B.A., B.S.)",Working class,,,biological
2021-04-26 22:29:35,2021-04-26 22:35:52,IP Address,76.238.193.200,100,376,True,2021-04-26 22:35:52,R_tDPArmis7SDKkcV,,,,,42.819305419921875,-83.2845001220703125,anonymous,EN,I do consent to participate,Okay,,Pretty good,Equally similar and different,Likely aquafruit farmer,Very satisfying,Somewhat satisfying,Not at all satisfying,"I would make sure the Zarpies had a fair opportunity to become distribution managers if that is something they would like to do. I would change any laws that stand in the way of that happening, if such laws exist.",Somewhat easy,"Zarpies,Vawns","Aquafruit farmer,Distribution manager",Learning about Zarpies and answering questions about them,Please enter your age in years:,64,Female,,"White, Caucasian, or European American",,Some college,Working class,,,biological
2021-04-26 22:24:32,2021-04-26 22:36:55,IP Address,196.16.108.192,100,742,True,2021-04-26 22:36:55,R_afplShQv5cJ6gGB,,,,,34.0543975830078125,-118.2440032958984375,anonymous,EN,I do consent to participate,Not okay,Pretty bad,,Very different,Likely aquafruit farmer,Very satisfying,Extremely satisfying,Somewhat satisfying,Teach Zapiers the knowledge and skills  to work as distribution mangers. Explain the benefit they would get out of it.,Somewhat easy,"Zarpies,Vawns","Aquafruit farmer,Distribution manager",Learning about Zarpies and answering questions about them,Please enter your age in years:,51,Male,,"White, Caucasian, or European American",,"Master's (M.A., M.S.)",Middle class,,,cultural
2021-04-26 22:33:53,2021-04-26 22:38:00,IP Address,67.181.161.57,100,246,True,2021-04-26 22:38:01,R_3KpblBBjXYuCTxD,,,,,36.861297607421875,-119.76689910888671875,anonymous,EN,I do consent to participate,Okay,,"Very, very good",Somewhat different,Likely aquafruit farmer,Slightly satisfying,Very satisfying,Slightly satisfying,Give the Zarpies adequate training with the ability for them to choose either a distribution manager or aquafruit farmer.,Somewhat easy,"Zarpies,Vawns","Aquafruit farmer,Distribution manager",Learning about Zarpies and answering questions about them,Please enter your age in years:,31,Male,,Hispanic or Latino/a,,Some college,Working class,,,biological
2021-04-26 22:26:52,2021-04-26 22:38:10,IP Address,104.172.198.93,100,678,True,2021-04-26 22:38:11,R_2WwLKvkEZ6ByPN7,,,,,33.790802001953125,-118.324798583984375,anonymous,EN,I do consent to participate,Not okay,Pretty bad,,Somewhat different,Likely different job,Slightly satisfying,Somewhat satisfying,Not at all satisfying,"Offe the job, provide training, and once ready, trust  that they will be able to make it.",Somewhat difficult,"Zarpies,Vawns","Aquafruit farmer,Distribution manager",Learning about Zarpies and answering questions about them,Please enter your age in years:,35,Female,,South or Southeast Asian,,"Bachelor's (B.A., B.S.)",Working class,,,structural
2021-04-26 22:23:50,2021-04-26 22:38:31,IP Address,67.168.49.96,100,881,True,2021-04-26 22:38:32,R_dpdo8LfAHlORMS5,,,,,47.698699951171875,-117.439697265625,anonymous,EN,I do consent to participate,Okay,,A little good,Equally similar and different,For sure different job,Slightly satisfying,Not at all satisfying,Somewhat satisfying,I would encourage any Zarpie friends of mine to consider looking into becoming distribution managers if they are interested in it.,Very easy,"Zarpies,Vawns","Aquafruit farmer,Distribution manager",Learning about Zarpies and answering questions about them,Please enter your age in years:,20,Female,,"White, Caucasian, or European American",,Some college,Middle class,"I feel that we should have the option to rate ""not happy"" or ""neutral"" to the question after how okay or not okay it is that the Zarpies and Vawns often do a specific job. Personally I was completely neutral towards the Zarpies and Vawns generally working in different jobs as long as they are choosing to work that job of their own accord.",,cultural
2021-04-26 22:30:30,2021-04-26 22:41:01,IP Address,69.131.246.145,100,631,True,2021-04-26 22:41:01,R_T0pKW7F16eRW4M1,,,,,35.356201171875,-84.30680084228515625,anonymous,EN,I do consent to participate,Okay,,A little good,Equally similar and different,Likely different job,Somewhat satisfying,Not at all satisfying,Not at all satisfying,"I would ask the Zarpies if that is what they want. If they do, then I would help train them for the job to make sure they would benefit and succeed as distribution managers.",Somewhat easy,"Zarpies,Vawns","Aquafruit farmer,Distribution manager",Learning about Zarpies and answering questions about them,Please enter your age in years:,46,Female,,"White, Caucasian, or European American",,Some college,Working class,no,"It must have something to do with keeping people stuck in jobs when they are qualified for higher jobs. However, tradition and lifestyle holds them back or society/systems. I am not quite sure.",cultural
2021-04-26 22:24:48,2021-04-26 22:43:20,IP Address,76.103.131.248,100,1112,True,2021-04-26 22:43:20,R_1Fy4lbyqgJEI9WQ,,,,,37.619598388671875,-122.481597900390625,anonymous,EN,I do consent to participate,Okay,,A little good,Somewhat different,Likely different job,Not at all satisfying,Slightly satisfying,Not at all satisfying,give them training,Somewhat easy,"Zarpies,Vawns","Aquafruit farmer,Distribution manager",Learning about Zarpies and answering questions about them,Please enter your age in years:,46,Female,,"White, Caucasian, or European American",,"Bachelor's (B.A., B.S.)",Middle class,no,if we are born into certain social classes and should we have to stay in the class,cultural
2021-04-26 22:43:11,2021-04-26 22:47:08,IP Address,73.21.69.204,100,236,True,2021-04-26 22:47:08,R_AHyHu5LHwURwXzX,,,,,32.0388031005859375,-81.1219024658203125,anonymous,EN,I do consent to participate,Not okay,Pretty bad,,Very different,Likely different job,Not at all satisfying,Slightly satisfying,Somewhat satisfying,I would make the paperwork less complicated so that it would be easier for Zarpies to get more opportunities to work as distribution managers.,Very easy,"Zarpies,Vawns","Aquafruit farmer,Distribution manager",Learning about Zarpies and answering questions about them,Please enter your age in years:,25,Male,,"White, Caucasian, or European American",,High school/GED,Working class,,,structural
2021-04-26 22:44:23,2021-04-26 22:51:37,IP Address,71.8.164.57,100,434,True,2021-04-26 22:51:37,R_240LVPvug3j1NxF,,,,,46.1558074951171875,-123.79779815673828125,anonymous,EN,I do consent to participate,Okay,,Pretty good,Equally similar and different,Likely aquafruit farmer,Very satisfying,Slightly satisfying,Not at all satisfying,Setup classes for Zarpies to work as distribution managers,Somewhat easy,"Zarpies,Vawns","Aquafruit farmer,Distribution manager",Learning about Zarpies and answering questions about them,Please enter your age in years:,47,Male,,"White, Caucasian, or European American",,"Bachelor's (B.A., B.S.)",Working class,,,biological
2021-04-26 22:26:53,2021-04-26 22:51:48,IP Address,161.35.130.245,100,1495,True,2021-04-26 22:51:48,R_1dn8snRBan89jCt,,,,,40.836395263671875,-74.14029693603515625,anonymous,EN,I do consent to participate,Not okay,"Very, very bad",,Equally similar and different,Likely different job,Not at all satisfying,Not at all satisfying,Not at all satisfying,"I would first reduce the huge paperwork requirements required for the Zarpies to work in better ranks. After this, I would create a room for them to have enough education to work in better positions. ",Somewhat difficult,"Zarpies,Vawns","Aquafruit farmer,Distribution manager",Learning about Zarpies and answering questions about them,Please enter your age in years:,30,Male,,Black or African American,,"Bachelor's (B.A., B.S.)",Working class,"No, the task was fine.",My perception towards immigrants and their living situations.,structural
2021-04-26 22:52:21,2021-04-26 22:55:34,IP Address,68.59.117.67,100,193,True,2021-04-26 22:55:34,R_2ARc0QX3cPQPzwz,,,,,30.7781982421875,-83.55190277099609375,anonymous,EN,I do consent to participate,Not okay,Pretty bad,,Very similar,Likely different job,Not at all satisfying,Not at all satisfying,Not at all satisfying,I would create a program to train Zarpies to learn to work in distribution if they choose.,Somewhat difficult,"Zarpies,Vawns","Aquafruit farmer,Distribution manager",Learning about Zarpies and answering questions about them,Please enter your age in years:,28,Male,,"White, Caucasian, or European American",,High school/GED,Working class,"No, I think it was fine.",About how people see group inequality and how they think changes should be made to deal with it.,cultural
2021-04-26 23:14:00,2021-04-26 23:18:32,IP Address,71.8.130.91,100,272,True,2021-04-26 23:18:32,R_29bryNfZT6Q7dq6,,,,,46.278594970703125,-96.092498779296875,anonymous,EN,I do consent to participate,Not okay,"Very, very bad",,Very different,Likely different job,Slightly satisfying,Slightly satisfying,Slightly satisfying,I would make a law for diversity.,Somewhat difficult,"Zarpies,Vawns","Aquafruit farmer,Distribution manager",Learning about Zarpies and answering questions about them,Please enter your age in years:,34,Female,,"White, Caucasian, or European American,Black or African American",,Some college,Working class,,,biological
2021-04-26 23:18:27,2021-04-26 23:20:41,IP Address,98.215.102.29,100,134,True,2021-04-26 23:20:42,R_22lgwCgmTTVu39G,,,,,40.7122039794921875,-89.62830352783203125,anonymous,EN,I do consent to participate,Not okay,"Very, very bad",,Equally similar and different,Likely aquafruit farmer,Somewhat satisfying,Slightly satisfying,Not at all satisfying,I would pay them more,Very easy,"Zarpies,Vawns","Aquafruit farmer,Distribution manager",Learning about Zarpies and answering questions about them,Please enter your age in years:,28,Female,,"White, Caucasian, or European American",,Some college,Working class,none,"i dont know, thank you.",structural
2021-04-26 23:31:19,2021-04-26 23:35:05,IP Address,67.250.12.32,100,226,True,2021-04-26 23:35:05,R_vrDNpL5zPKUi001,,,,,40.7584075927734375,-73.79730224609375,anonymous,EN,I do consent to participate,Not okay,Pretty bad,,Very different,Likely different job,Not at all satisfying,Slightly satisfying,Extremely satisfying,I would reduce or eliminate the paperwork requirements for Zarpies to change jobs.,Somewhat easy,"Zarpies,Vawns","Aquafruit farmer,Distribution manager",Learning about Zarpies and answering questions about them,Please enter your age in years:,44,Female,,"White, Caucasian, or European American",,"Bachelor's (B.A., B.S.)",Middle class,No confusion.,I think it is about how we feel about people being able to cross class boundaries.,structural
2021-04-26 23:33:43,2021-04-26 23:37:36,IP Address,184.167.225.85,100,232,True,2021-04-26 23:37:36,R_3IQMsrLn7dYUNDU,,,,,45.997894287109375,-112.5988006591796875,anonymous,EN,I do consent to participate,Okay,,Pretty good,Somewhat different,Likely different job,Very satisfying,Not at all satisfying,Not at all satisfying,"Offer higher pay and promise of low key work. ",Somewhat easy,"Zarpies,Vawns",Aquafruit farmer,Learning about Zarpies and answering questions about them,Please enter your age in years:,56,Female,,"White, Caucasian, or European American",,Some college,Working class,No,Not sure...,cultural
2021-04-26 23:35:46,2021-04-26 23:42:28,IP Address,72.175.20.140,100,402,True,2021-04-26 23:42:29,R_qF8BCwSAzMP5MwF,,,,,37.9546051025390625,-103.664398193359375,anonymous,EN,I do consent to participate,Not okay,"Very, very bad",,Very different,For sure different job,Somewhat satisfying,Somewhat satisfying,Slightly satisfying,Zarpies and Vamps would exchange their job roles,Very easy,"Zarpies,Vawns","Aquafruit farmer,Distribution manager",Learning about Zarpies and answering questions about them,Please enter your age in years:,35,Female,,"White, Caucasian, or European American",,"Bachelor's (B.A., B.S.)",Middle class,nothing,inequality of work and wages,structural
2021-04-26 23:28:50,2021-04-26 23:47:20,IP Address,73.157.157.184,100,1110,True,2021-04-26 23:47:20,R_31gFBKRBPsJTZ2g,,,,,45.412506103515625,-122.72409820556640625,anonymous,EN,I do consent to participate,Okay,,Pretty good,Equally similar and different,Likely different job,Extremely satisfying,Extremely satisfying,Slightly satisfying,"since they have big hands, i will suggest, offloading",Very easy,"Zarpies,Vawns","Aquafruit farmer,Distribution manager",Learning about Zarpies and answering questions about them,Please enter your age in years:,36,Male,,"White, Caucasian, or European American",,"Bachelor's (B.A., B.S.)",Working class,none,about an hypothetic island,biological
2021-04-26 23:49:31,2021-04-26 23:55:03,IP Address,47.203.171.153,100,332,True,2021-04-26 23:55:04,R_3FXKTyuBq2BDGdd,,,,,27.8170928955078125,-82.626800537109375,anonymous,EN,I do consent to participate,Not okay,"Very, very bad",,Equally similar and different,Likely different job,Somewhat satisfying,Somewhat satisfying,Not at all satisfying,"I would switch roles. I would train Zarpies to be distribution managers and Vawns to be the aquafruit farmers. So that in the future it could be more evenly distributed as far as the work, jobs, and income distribution. ",Somewhat difficult,"Zarpies,Vawns",Aquafruit farmer,Learning about Zarpies and answering questions about them,Please enter your age in years:,46,Female,,"White, Caucasian, or European American",,Some college,Middle class,no problems,perception of inequality,biological
2021-04-26 23:56:25,2021-04-27 00:02:28,IP Address,97.123.77.225,100,362,True,2021-04-27 00:02:28,R_3R8DZ9Yp5nbqoMk,,,,,35.081298828125,-106.6212005615234375,anonymous,EN,I do consent to participate,Okay,,A little good,Somewhat different,Likely different job,Very satisfying,Not at all satisfying,Slightly satisfying,"I would ask Zarpies what they would require in order to work as distribution managers. I would try to gather this data and see how the employment conditions could be altered and/or improved to try to accomodate the needs and desires of different workers, specifically to include Zarpies.",Somewhat difficult,"Zarpies,Vawns","Aquafruit farmer,Distribution manager",Learning about Zarpies and answering questions about them,Please enter your age in years:,45,Female,,"White, Caucasian, or European American",,"Master's (M.A., M.S.)",Working class,Nothing that I can think of.,Something about inequality or separate classes and how people might explain the causes of that?,cultural
2021-04-27 00:30:32,2021-04-27 00:34:34,IP Address,174.234.10.59,100,241,True,2021-04-27 00:34:34,R_1RLoKYsxILleE5r,,,,,38.8074951171875,-94.91570281982421875,anonymous,EN,I do consent to participate,Okay,,Pretty good,Somewhat different,Likely aquafruit farmer,Very satisfying,Somewhat satisfying,Somewhat satisfying,"I would first ask some of the Zarpies if they would like the opportunity to move to distribution managers, and if they say yes, then I would begin to train them on what they need to know in order to land that job. ",Somewhat easy,"Zarpies,Vawns","Aquafruit farmer,Distribution manager",Learning about Zarpies and answering questions about them,Please enter your age in years:,25,Female,,"White, Caucasian, or European American",,Some college,Middle class,,,structural
2021-04-27 00:30:58,2021-04-27 00:38:33,IP Address,92.38.148.73,100,455,True,2021-04-27 00:38:33,R_3FUMDZDEs03okab,,,,,37.393096923828125,-121.962005615234375,anonymous,EN,I do consent to participate,Okay,,A little good,Somewhat different,Likely aquafruit farmer,Somewhat satisfying,Very satisfying,Slightly satisfying,I would try to persuade Zarpies to work as distribution manager by informing them of the advantages of that position such as working as a distribution manager is a low risk job relative to aquafruit farmers.,Somewhat easy,"Zarpies,Vawns","Aquafruit farmer,Distribution manager",Learning about Zarpies and answering questions about them,Please enter your age in years:,36,Female,,East Asian,,"Master's (M.A., M.S.)",Middle class,No,I have no idea,biological
2021-04-27 00:07:47,2021-04-27 01:48:53,IP Address,72.192.184.206,100,6066,True,2021-04-27 01:48:54,R_zZvciLEqyxSy1jz,,,,,33.242095947265625,-117.30450439453125,anonymous,EN,I do consent to participate,Okay,,"Very, very good",Equally similar and different,For sure aquafruit farmer,Extremely satisfying,Extremely satisfying,Not at all satisfying,i will explain how low risky to work as distribution managers,Somewhat difficult,"Zarpies,Vawns","Aquafruit farmer,Distribution manager",Learning about Zarpies and answering questions about them,Please enter your age in years:,34,Female,,"White, Caucasian, or European American",,"Bachelor's (B.A., B.S.)",Middle class,none,how we think about the same creatures of different occupation,cultural
2021-04-27 02:57:02,2021-04-27 03:14:19,IP Address,207.244.71.79,100,1037,True,2021-04-27 03:14:20,R_6zksWFSutQ2QdVL,,,,,37.751007080078125,-97.82199859619140625,anonymous,EN,I do consent to participate,Okay,,Pretty good,Somewhat different,For sure different job,Extremely satisfying,Somewhat satisfying,Slightly satisfying,create education programs to teach them how to work as distribution managers,Somewhat difficult,"Zarpies,Vawns","Aquafruit farmer,Distribution manager",Learning about Zarpies and answering questions about them,Please enter your age in years:,31,Female,,Black or African American,,"Bachelor's (B.A., B.S.)",Middle class,no,how easy people learn new information,cultural
2021-04-27 03:18:32,2021-04-27 03:22:56,IP Address,72.240.219.192,100,263,True,2021-04-27 03:22:56,R_10OgNcBqA2n0nnO,,,,,41.376800537109375,-82.5363006591796875,anonymous,EN,I do consent to participate,Not okay,Pretty bad,,Equally similar and different,Likely different job,Slightly satisfying,Slightly satisfying,Not at all satisfying,Make the tests and paperwork less of an obstacle.,Somewhat easy,"Zarpies,Vawns",Aquafruit farmer,Learning about Zarpies and answering questions about them,Please enter your age in years:,35,Male,,"White, Caucasian, or European American",,Some college,Poor,,Racially-based hiring methods.,structural
2021-04-27 04:04:06,2021-04-27 04:09:28,IP Address,181.214.102.145,100,321,True,2021-04-27 04:09:28,R_2c7vpe6NypGW4dE,,,,,41.848297119140625,-87.651702880859375,anonymous,EN,I do consent to participate,Okay,,Pretty good,Somewhat different,Likely different job,Somewhat satisfying,Somewhat satisfying,Somewhat satisfying,"I would get more Zarpies trained ",Somewhat difficult,"Zarpies,Vawns","Aquafruit farmer,Distribution manager",Learning about Zarpies and answering questions about them,Please enter your age in years:,29,Male,,Black or African American,,"Bachelor's (B.A., B.S.)",Working class,,,biological
2021-04-27 04:25:39,2021-04-27 04:25:45,IP Address,68.200.0.97,100,5,True,2021-04-27 04:25:46,R_1OGOl1ZnlLF40HG,,,,,28.83489990234375,-82.32610321044921875,anonymous,EN,I do NOT consent to participate,,,,,,,,,,,,,,,,,,,,,,,,
2021-04-27 04:21:50,2021-04-27 04:26:12,IP Address,107.5.172.183,100,261,True,2021-04-27 04:26:12,R_VLviRkbn8SQXxAd,,,,,42.913299560546875,-85.8144989013671875,anonymous,EN,I do consent to participate,Not okay,Pretty bad,,Somewhat different,Likely different job,Not at all satisfying,Not at all satisfying,Not at all satisfying,Train the Zarpies on the requirements of being distribution managers.,Somewhat difficult,"Zarpies,Vawns","Aquafruit farmer,Distribution manager",Learning about Zarpies and answering questions about them,Please enter your age in years:,70,Male,,"White, Caucasian, or European American",,"Bachelor's (B.A., B.S.)",Middle class,,,structural
2021-04-27 04:22:51,2021-04-27 04:26:23,IP Address,68.14.30.35,100,212,True,2021-04-27 04:26:23,R_C1rYmMBJo0Ljqdb,,,,,41.960906982421875,-72.7957000732421875,anonymous,EN,I do consent to participate,Okay,,Pretty good,Somewhat different,Likely aquafruit farmer,Very satisfying,Very satisfying,Slightly satisfying,I would offer them more pay than they make off the aquafruit farming.,Very easy,"Zarpies,Vawns","Aquafruit farmer,Distribution manager",Learning about Zarpies and answering questions about them,Please enter your age in years:,41,Male,,"White, Caucasian, or European American",,"Bachelor's (B.A., B.S.)",Working class,No problems,No clue,biological
2021-04-27 04:22:18,2021-04-27 04:26:47,IP Address,73.119.248.194,100,269,True,2021-04-27 04:26:48,R_3Gxfcj0PUSbz725,,,,,43.0110015869140625,-71.45709991455078125,anonymous,EN,I do consent to participate,Not okay,Pretty bad,,Equally similar and different,Likely different job,Slightly satisfying,Not at all satisfying,Slightly satisfying,I would educate Zarpies about how they could be trailblazers for future generations if more of them became distribution managers. I would emphasize that they can remain true to their traditions while still opening up more opportunities to their children and their future people.,Somewhat easy,"Zarpies,Vawns","Aquafruit farmer,Distribution manager",Learning about Zarpies and answering questions about them,Please enter your age in years:,38,Female,,"White, Caucasian, or European American",,Some college,Middle class,No,I'm not sure.,cultural
2021-04-27 04:25:43,2021-04-27 04:30:11,IP Address,68.198.160.172,100,268,True,2021-04-27 04:30:11,R_3ffrY89HO7DvEfY,,,,,40.8784942626953125,-72.95379638671875,anonymous,EN,I do consent to participate,Okay,,Pretty good,Equally similar and different,Likely different job,Very satisfying,Somewhat satisfying,Not at all satisfying,add incentives and make distribution managers role attractive,Somewhat easy,"Zarpies,Vawns","Aquafruit farmer,Distribution manager",Learning about Zarpies and answering questions about them,Please enter your age in years:,28,Female,,"White, Caucasian, or European American,Black or African American",,"Bachelor's (B.A., B.S.)",Middle class,,,cultural
2021-04-27 04:28:05,2021-04-27 04:31:38,IP Address,69.84.110.147,100,213,True,2021-04-27 04:31:39,R_85G9Mklz2vMrcoF,,,,,25.9441986083984375,-80.14060211181640625,anonymous,EN,I do consent to participate,Okay,,A little good,Very different,Likely aquafruit farmer,Not at all satisfying,Slightly satisfying,Slightly satisfying,"I would convince them that it is a much safer job. ",Very easy,"Zarpies,Vawns","Aquafruit farmer,Distribution manager",Learning about Zarpies and answering questions about them,Please enter your age in years:,23,Female,,"White, Caucasian, or European American",,Some college,Middle class,No,I don't know.,biological
2021-04-27 04:37:29,2021-04-27 04:41:22,IP Address,172.73.201.221,100,233,True,2021-04-27 04:41:22,R_26mCuREc7LDrDqp,,,,,35.3083953857421875,-81.02559661865234375,anonymous,EN,I do consent to participate,Not okay,Pretty bad,,Very different,Likely different job,Slightly satisfying,Slightly satisfying,Not at all satisfying,"I would offer them free training to become managers. ",Somewhat difficult,"Zarpies,Vawns","Aquafruit farmer,Distribution manager",Learning about Zarpies and answering questions about them,Please enter your age in years:,33,Female,,"White, Caucasian, or European American",,Some college,Working class,no,how we view people of different working classes,structural
2021-04-27 05:12:34,2021-04-27 05:17:10,IP Address,184.61.239.25,100,275,True,2021-04-27 05:17:10,R_pMnfuNd6lL05gsN,,,,,42.8235015869140625,-84.233001708984375,anonymous,EN,I do consent to participate,Okay,,A little good,Very different,Likely aquafruit farmer,Very satisfying,Slightly satisfying,Not at all satisfying,"make accomodations that would make them feel more comfortable being a distribution manager. ",Somewhat difficult,"Zarpies,Vawns","Aquafruit farmer,Distribution manager",Learning about Zarpies and answering questions about them,Please enter your age in years:,38,Female,,"White, Caucasian, or European American",,Some college,Working class,no issues,not sure,biological
2021-04-27 10:26:45,2021-04-27 10:31:40,IP Address,73.77.190.239,100,294,True,2021-04-27 10:31:41,R_31GaTkkfHPfXo2x,,,,,29.7375946044921875,-95.52100372314453125,anonymous,EN,I do consent to participate,Not okay,Pretty bad,,Equally similar and different,Likely different job,Not at all satisfying,Not at all satisfying,Slightly satisfying,Eliminate the complex and expensive paperwork that the Zarpies are forced to complete before becoming a distribution manager.,Somewhat difficult,"Zarpies,Vawns","Aquafruit farmer,Distribution manager",Learning about Zarpies and answering questions about them,Please enter your age in years:,50,Male,,"White, Caucasian, or European American,Hispanic or Latino/a",,"Bachelor's (B.A., B.S.)",Middle class,no problems or confusion,Social Justice something or other.,structural
2021-04-27 11:55:26,2021-04-27 12:01:51,IP Address,35.137.59.85,100,385,True,2021-04-27 12:01:52,R_RXrT1uJGtuwER5D,,,,,27.9600067138671875,-82.46140289306640625,anonymous,EN,I do consent to participate,Okay,,Pretty good,Somewhat similar,Likely aquafruit farmer,Extremely satisfying,Extremely satisfying,Not at all satisfying,Pay them more as managers than farmers,Somewhat easy,"Zarpies,Vawns","Aquafruit farmer,Distribution manager",Learning about Zarpies and answering questions about them,Please enter your age in years:,61,Female,,"White, Caucasian, or European American",,"Bachelor's (B.A., B.S.)",Working class,,To study how to have groups that work at certain low level jobs find better jobs more attractive.,cultural
2021-04-28 03:16:51,2021-04-28 03:24:47,IP Address,97.80.69.211,100,476,True,2021-04-28 03:24:47,R_3Etiy4d6hLHmVV4,,,,,30.613494873046875,-90.18599700927734375,anonymous,EN,I do consent to participate,Okay,,A little good,Somewhat similar,Likely different job,Very satisfying,Somewhat satisfying,Slightly satisfying,"I would get scientists to start working on special lenses that the Zarpies can use so they can see just as well out of the water. This would get more Zarpies to work as distribution managers, rather than aquafruit farmers.",Somewhat easy,"Zarpies,Vawns","Aquafruit farmer,Distribution manager",Learning about Zarpies and answering questions about them,Please enter your age in years:,47,Male,,"White, Caucasian, or European American",,"Bachelor's (B.A., B.S.)",Working class,The survey was straight forward. I didn't notice anything confusing or unclear.,inequality,biological
2021-04-28 04:49:27,2021-04-28 04:53:38,IP Address,68.23.76.245,100,250,True,2021-04-28 04:53:38,R_Xn5gF0ZtDyBSuOZ,,,,,25.606201171875,-80.3451995849609375,anonymous,EN,I do consent to participate,Okay,,A little good,Somewhat different,Likely different job,Somewhat satisfying,Somewhat satisfying,Somewhat satisfying,Hire more zarpies to be managers even though they are not qualified,Very easy,"Zarpies,Vawns","Aquafruit farmer,Distribution manager",Learning about Zarpies and answering questions about them,Please enter your age in years:,40,Male,,Hispanic or Latino/a,,Some college,Working class,n,idk,biological
2021-04-28 04:52:00,2021-04-28 04:55:15,IP Address,73.136.128.236,100,195,True,2021-04-28 04:55:16,R_yt05AzrShnDTdBL,,,,,29.7678985595703125,-94.9723968505859375,anonymous,EN,I do consent to participate,Okay,,Pretty good,Somewhat different,Likely aquafruit farmer,Extremely satisfying,Very satisfying,Somewhat satisfying,I wouldn't change anything,Very easy,"Zarpies,Vawns","Aquafruit farmer,Distribution manager",Learning about Zarpies and answering questions about them,Please enter your age in years:,36,Male,,Black or African American,,"Bachelor's (B.A., B.S.)",Middle class,no,unsure,cultural
2021-04-28 05:15:17,2021-04-28 05:18:18,IP Address,199.168.76.175,100,180,True,2021-04-28 05:18:18,R_Xz7SLSE5ADzov3H,,,,,39.9564056396484375,-85.9651031494140625,anonymous,EN,I do consent to participate,Okay,,A little good,Somewhat different,Likely different job,Not at all satisfying,Not at all satisfying,Slightly satisfying,Change the pay rate of jobs.,Somewhat difficult,"Zarpies,Vawns","Aquafruit farmer,Distribution manager",Learning about Zarpies and answering questions about them,Please enter your age in years:,28,Male,,"White, Caucasian, or European American",,High school/GED,Working class,None,Racial and social groups,biological
2021-04-28 05:21:13,2021-04-28 05:26:51,IP Address,174.198.11.118,100,338,True,2021-04-28 05:26:51,R_Zxa1B0RFa2BmzDj,,,,,40.2165985107421875,-75.256500244140625,anonymous,EN,I do consent to participate,Not okay,Pretty bad,,Very different,For sure different job,Not at all satisfying,Somewhat satisfying,Not at all satisfying,Make the application process for getting other jobs a lot easier.,Somewhat easy,"Zarpies,Vawns","Aquafruit farmer,Distribution manager",Learning about Zarpies and answering questions about them,Please enter your age in years:,30,Male,,"White, Caucasian, or European American",,Some college,Middle class,No,People's thoughts on immigrant jobs,structural
2021-04-28 05:51:36,2021-04-28 06:02:23,IP Address,24.151.126.210,100,647,True,2021-04-28 06:02:24,R_2WBTkfxVfK9UQg5,,,,,41.9279022216796875,-73.06939697265625,anonymous,EN,I do consent to participate,Okay,,A little good,Somewhat different,Likely different job,Slightly satisfying,Not at all satisfying,Slightly satisfying,"I would provide training and an outreach program to the Zarpies, to help them learn more about the job. I'd also institute a paid internship program for an Zarpie interested in learning more about being a distribution manager. Even though Zarpies on the whole are attached to the sea, Zarpies are individuals and there must be some who are more inclined to want to work in this very different field. (Note, I'd also like to see about making the farming profession more lucrative as well. It's unfair that those who choose to be aquafruit farmers are paid less to do what sounds like a dangerous job. This would also help ensure that those who choose to go into distribution are doing so because they feel it's right for them, and not for the money.)",Somewhat easy,"Zarpies,Vawns","Aquafruit farmer,Distribution manager",Learning about Zarpies and answering questions about them,Please enter your age in years:,49,Female,,"White, Caucasian, or European American",,High school/GED,Working class,"The only suggestion I could make is to clarify a bit what you mean by ""satisfying"" in the question about the government's reasoning as to why so many Zarpies farm. Did you mean an answer that we felt was honest or one that make us happy to hear (i.e the truth or an answer that made us feel better about a majority of Zarpies being farmers)? It's hard to gauge what you meant by ""satisfying""","I imagine this had something to do with diversity in the workplace, actually, but I don't know the specifics of what you were trying to explore.",cultural
2021-04-28 08:07:07,2021-04-28 08:11:36,IP Address,98.235.69.98,100,269,True,2021-04-28 08:11:36,R_2WB6NXcRgjDCXXS,,,,,41.2722930908203125,-75.888702392578125,anonymous,EN,I do consent to participate,Okay,,Pretty good,Somewhat different,Likely different job,Extremely satisfying,Extremely satisfying,Not at all satisfying,"they can be trained to be vawns, make training and the job fun",Somewhat easy,"Zarpies,Vawns","Aquafruit farmer,Distribution manager",Learning about Zarpies and answering questions about them,Please enter your age in years:,27,Female,,"White, Caucasian, or European American",,"Bachelor's (B.A., B.S.)",Middle class,no,it was different,biological
