StartDate,EndDate,Status,IPAddress,Progress,Duration (in seconds),Finished,RecordedDate,ResponseId,RecipientLastName,RecipientFirstName,RecipientEmail,ExternalReference,LocationLatitude,LocationLongitude,DistributionChannel,UserLanguage,consent,check_job,acceptability,acceptability_a,acceptability_b,diff,switched_context,switched_context_a,switched_context_b,intervention,intervention_coded,intervention_diff,intervention_diff_a,intervention_diff_b,check_group,check_job,check_task,age,age_2_TEXT,gender,gender_4_TEXT,race,race_15_TEXT,education,ses,debrief_1,debrief_3,condition
Start Date,End Date,Response Type,IP Address,Progress,Duration (in seconds),Finished,Recorded Date,Response ID,Recipient Last Name,Recipient First Name,Recipient Email,External Data Reference,Location Latitude,Location Longitude,Distribution Channel,User Language,"STUDY TITLE: Comparison processing in children

 

PROTOCOL DIRECTOR:  Marianna Zhang

 

DESCRIPTION:  You are invited to participate in a research study on language and social categories. You will be asked to read short sentences, read short excerpts from children’s books, answer short questions, produce or select sentences, rate items on various traits, or produce descriptions of items. You may see material intended for children – we are interested in how adults think about the same material. The purpose of this research is to understand the cognitive processes underlying language and social categorization. 

 

TIME INVOLVEMENT:  Your participation will take approximately 5-7 minutes.

 

RISKS AND BENEFITS:  There are no risks associated with this study.  No benefits may reasonably be expected to result from this study. We cannot and do not guarantee or promise that you will receive any benefits from this study.

 

PAYMENTS:  You will receive $0.83 through Amazon Payments as payment for your participation.

 

SUBJECT'S RIGHTS:  If you have read this form and have decided to participate in this project, please understand your participation is voluntary and you have the right to withdraw your consent or discontinue participation at any time without penalty or loss of benefits to which you are otherwise entitled.  The alternative is not to participate.  You have the right to refuse to answer particular questions.  Your individual privacy will be maintained in all published and written data resulting from the study.  No personally identifying information is ever revealed to the researchers.

 

CONTACT INFORMATION:

Questions:  If you have any questions, concerns or complaints about this research, its procedures, risks and benefits, contact the Protocol Director, Marianna Zhang, at stanford.markman.lab@gmail.com.

 

Independent Contact:  If you are not satisfied with how this study is being conducted, or if you have any concerns, complaints, or general questions about the research or your rights as a participant, please contact the Stanford Institutional Review Board (IRB) to speak to someone independent of the research team at (650) 723-2480 or toll free at 1-866-680-2906.  You can also write to the Stanford IRB, Stanford University, 3000 El Camino Real, Five Palo Alto Square, 4th Floor, Palo Alto, CA 94306.

 

Please print a copy of this page for your records.

 

If you agree to participate in this research, please complete and submit the following questionnaire.","Here is a Red and a Blue. 
Which group decorates cakes? Reds or Blues?",Is it okay or not okay that Blues clean bakeries and Reds decorate cakes?,"Is it a little bad, pretty bad, or very, very bad?","Is it a little good, pretty good, or very, very good?",Are Blues and Reds more similar or more different from each other?,"We’ve been in Smorgsville this whole time, but for this next question, we’re going to take a trip to another city now! 



Welcome to Flooftown! Look, here’s another Blue! This Blue doesn’t live in Smorgsville- this Blue was born and raised in Flooftown, with different rules about who works in bakeries. This Blue works at the bakery in Flooftown.



What job do you think this Blue works in Flooftown's bakery? Do they decorate cakes? Or clean the bakery?","Okay, cake decorator! Do you think the Blue maybe works this job, probably works this job, or definitely works this job?","Okay, cleaner! Do you think the Blue maybe works this job, probably works this job, or definitely works this job?","Now, let's head back to Smorgsville! Remember the Blues in Smorgsville clean bakeries.



Now I think decorating cakes is a much better job than cleaning bakeries – you get lots of coins, it’s very fun, and you get to taste the cakes!







Let’s see if we can help the Blues out and have more of them decorate cakes! If you could make anything happen, what would you do to have more Blues decorate cakes? 

Please list 1 specific action you would do, and please be as specific as possible. The more specific you can be, the better.",,Would it be easy or hard to do the action you suggested above?,"Okay, easy! How easy would it be to do the action you suggested above?","Okay, hard! How hard would it be to do the action you suggested above?","In this task, what groups were mentioned? Check all groups mentioned.","In this task, what jobs were mentioned? Check all jobs mentioned.",This task involved:,How old are you? - Selected Choice,How old are you? - Please enter your age in years: - Text,How would you describe your gender identity? - Selected Choice,"How would you describe your gender identity? - Prefer to self-describe, please specify: - Text",How would you describe your racial or ethnic identity? - Selected Choice,"How would you describe your racial or ethnic identity? - Some other racial/ethnic identity, please specify: - Text",What is the highest level of education you have completed?,Which social class group do you identify with?,"We may make changes to this task for future participants, so we would appreciate any feedback below! (optional) - Did you have any problems or confusion with this task? Could anything be improved?","We may make changes to this task for future participants, so we would appreciate any feedback below! (optional) - What do you think this study is about?",condition
"{""ImportId"":""startDate"",""timeZone"":""America/Los_Angeles""}","{""ImportId"":""endDate"",""timeZone"":""America/Los_Angeles""}","{""ImportId"":""status""}","{""ImportId"":""ipAddress""}","{""ImportId"":""progress""}","{""ImportId"":""duration""}","{""ImportId"":""finished""}","{""ImportId"":""recordedDate"",""timeZone"":""America/Los_Angeles""}","{""ImportId"":""_recordId""}","{""ImportId"":""recipientLastName""}","{""ImportId"":""recipientFirstName""}","{""ImportId"":""recipientEmail""}","{""ImportId"":""externalDataReference""}","{""ImportId"":""locationLatitude""}","{""ImportId"":""locationLongitude""}","{""ImportId"":""distributionChannel""}","{""ImportId"":""userLanguage""}","{""ImportId"":""QID64""}","{""ImportId"":""QID145""}","{""ImportId"":""QID44""}","{""ImportId"":""QID103""}","{""ImportId"":""QID122""}","{""ImportId"":""QID126""}","{""ImportId"":""QID117""}","{""ImportId"":""QID149""}","{""ImportId"":""QID150""}","{""ImportId"":""QID85_TEXT""}",,"{""ImportId"":""QID112""}","{""ImportId"":""QID151""}","{""ImportId"":""QID152""}","{""ImportId"":""QID74""}","{""ImportId"":""QID87""}","{""ImportId"":""QID67""}","{""ImportId"":""QID68""}","{""ImportId"":""QID68_2_TEXT""}","{""ImportId"":""QID69""}","{""ImportId"":""QID69_4_TEXT""}","{""ImportId"":""QID70""}","{""ImportId"":""QID70_15_TEXT""}","{""ImportId"":""QID71""}","{""ImportId"":""QID86""}","{""ImportId"":""QID72_1""}","{""ImportId"":""QID72_3""}","{""ImportId"":""condition""}"
8/29/2021 16:10,8/29/2021 16:10,IP Address,71.231.218.241,100,4,TRUE,8/29/2021 16:10,R_2U3H35ktE6clkHg,,,,,47.49729919,-122.3554993,anonymous,EN,I do NOT consent to participate,,,,,,,,,,,,,,,,,,,,,,,,,,,
8/29/2021 16:09,8/29/2021 16:12,IP Address,172.11.220.144,100,125,TRUE,8/29/2021 16:12,R_2CEpGQkVjb5PKRW,,,,,39.64379883,-84.17430115,anonymous,EN,I do consent to participate,Reds,Okay,,A little good,Equally similar and different,cleaner,,maybe cleaner,let them go to baking school,create more jobs or access to jobs,Easy,Very easy,A little hard,"Reds,Blues","Cake decorater,Cleaner",Learning about Reds and Blues and answering questions about them,Prefer not to specify,,Male,,"White, Caucasian, or European American",,"Bachelor's (B.A., B.S.)",Working class,no,don't know,structural
8/29/2021 16:10,8/29/2021 16:12,IP Address,99.3.38.193,100,128,TRUE,8/29/2021 16:12,R_2wjdisZZeXD1ZvJ,,,,,36.09489441,-94.1678009,anonymous,EN,I do consent to participate,Reds,Not okay,Pretty bad,,Somewhat similar,cake decorator,maybe cake decorator,,teach a class about abilities to do anything they want to work at,provide job training/tools to group,Hard,,,"Reds,Blues","Cake decorater,Cleaner",Learning about Reds and Blues and answering questions about them,Please enter your age in years:,32,Female,,"White, Caucasian, or European American",,"Master's (M.A., M.S.)",Working class,n/a,,biological
8/29/2021 16:10,8/29/2021 16:13,IP Address,73.61.11.77,100,206,TRUE,8/29/2021 16:13,R_3kojS6OdISFLHJn,,,,,42.31199646,-71.10810089,anonymous,EN,I do consent to participate,Reds,Not okay,"Very, very bad",,Somewhat similar,cleaner,,definitely cleaner,train them to decorate cakes,provide job training/tools to group,Easy,Pretty easy,A little hard,"Reds,Blues","Cake decorater,Cleaner",Learning about Reds and Blues and answering questions about them,Please enter your age in years:,28,Male,,"White, Caucasian, or European American",,"Bachelor's (B.A., B.S.)",Middle class,,,cultural
8/29/2021 16:11,8/29/2021 16:14,IP Address,74.74.203.104,100,202,TRUE,8/29/2021 16:14,R_1LccDrdAiR3AMxS,,,,,42.62339783,-73.11540222,anonymous,EN,I do consent to participate,Reds,Not okay,Pretty bad,,Somewhat different,cleaner,,maybe cleaner,I would enroll blues in a cake decorating class so they would know how to decorate pretty cakes.,provide job training/tools to group,Easy,Pretty easy,A little hard,"Reds,Blues","Cake decorater,Cleaner",Learning about Reds and Blues and answering questions about them,Please enter your age in years:,54,Female,,"White, Caucasian, or European American",,"Master's (M.A., M.S.)",Middle class,,,biological
8/29/2021 16:11,8/29/2021 16:14,IP Address,74.128.138.85,100,212,TRUE,8/29/2021 16:14,R_3NQHTk0sn7r0Ngs,,,,,39.0249939,-84.43920135,anonymous,EN,I do consent to participate,Reds,Okay,,A little good,Very different,cleaner,,maybe cleaner,Give them more experience and a chance. ,ambiguous,Hard,,,"Reds,Blues","Cake decorater,Cleaner",Learning about Reds and Blues and answering questions about them,Please enter your age in years:,44,Male,,"White, Caucasian, or European American",,"Bachelor's (B.A., B.S.)",Middle class,No.,I do not know.,biological
8/29/2021 16:10,8/29/2021 16:15,IP Address,73.248.230.98,100,307,TRUE,8/29/2021 16:15,R_2UatgtSmErGrbIA,,,,,40.56869507,-74.32019806,anonymous,EN,I do consent to participate,Reds,Not okay,Pretty bad,,Somewhat different,cleaner,,maybe cleaner,Teach the Blues how to be skilled at decorating cakes.,provide job training/tools to group,Easy,Pretty easy,A little hard,"Reds,Blues","Cake decorater,Cleaner",Learning about Reds and Blues and answering questions about them,Please enter your age in years:,32,Male,,"White, Caucasian, or European American",,Some college,Working class,No problems.,Seeing how people react to some kind of inequality.,biological
8/29/2021 16:10,8/29/2021 16:15,IP Address,64.246.126.244,100,307,TRUE,8/29/2021 16:15,R_XTB6ruFnZZ7nWYF,,,,,41.53979492,-83.58940125,anonymous,EN,I do consent to participate,Reds,Not okay,"Very, very bad",,Very similar,cake decorator,probably cake decorator,,I would have a policy that states there will be an equal amount of cake decorators that are both red and blue.,create more jobs or access to jobs,Easy,Very easy,A little hard,"Reds,Blues","Cake decorater,Cleaner",Learning about Reds and Blues and answering questions about them,Please enter your age in years:,42,Male,,"White, Caucasian, or European American",,Some college,Middle class,No issues. Everything was well thought out.,Classes and how to normalize them.,structural
8/29/2021 16:11,8/29/2021 16:15,IP Address,69.138.110.11,100,246,TRUE,8/29/2021 16:15,R_3nN6OAqmwoBKucg,,,,,27.68930054,-80.3757019,anonymous,EN,I do consent to participate,Reds,Not okay,"Very, very bad",,Very similar,cleaner,,probably cleaner,Allow the reds and blue to go to the same school.,create more jobs or access to jobs,Easy,Very easy,A little hard,"Reds,Blues","Cake decorater,Cleaner",Learning about Reds and Blues and answering questions about them,Please enter your age in years:,34,Female,,"White, Caucasian, or European American",,Some college,Working class,no,social inequality,structural
8/29/2021 16:10,8/29/2021 16:15,IP Address,76.203.249.88,100,317,TRUE,8/29/2021 16:15,R_2rP0z4oa6b330BG,,,,,42.57130432,-83.74859619,anonymous,EN,I do consent to participate,Reds,Not okay,Pretty bad,,Equally similar and different,cake decorator,probably cake decorator,,I would have the Blues move to another city.,create more jobs or access to jobs,Easy,Pretty easy,A little hard,"Reds,Blues","Cake decorater,Cleaner",Learning about Reds and Blues and answering questions about them,Please enter your age in years:,46,Male,,"White, Caucasian, or European American",,"Bachelor's (B.A., B.S.)",Middle class,,,cultural
8/29/2021 16:11,8/29/2021 16:15,IP Address,50.39.168.12,100,227,TRUE,8/29/2021 16:15,R_3LZqJi7XG0SNSKg,,,,,45.53970337,-122.9637985,anonymous,EN,I do consent to participate,Reds,Okay,,A little good,Equally similar and different,cleaner,,maybe cleaner,allow them to learn if wanted,create more jobs or access to jobs,Easy,Very easy,A little hard,"Reds,Blues","Cake decorater,Cleaner",Learning about Reds and Blues and answering questions about them,Please enter your age in years:,26,Female,,"White, Caucasian, or European American",,"Bachelor's (B.A., B.S.)",Middle class,no,i don't know,structural
8/29/2021 16:11,8/29/2021 16:15,IP Address,72.95.213.245,100,248,TRUE,8/29/2021 16:15,R_3fVjuMrkMzljTwX,,,,,40.36849976,-80.05039978,anonymous,EN,I do consent to participate,Reds,Okay,,"Very, very good",Equally similar and different,cake decorator,definitely cake decorator,,move to flooftown,create more jobs or access to jobs,Hard,,,"Reds,Blues","Cake decorater,Cleaner",Learning about Reds and Blues and answering questions about them,Please enter your age in years:,55,Male,,"White, Caucasian, or European American",,"Bachelor's (B.A., B.S.)",Middle class,no,preferences and attitudes,cultural
8/29/2021 16:13,8/29/2021 16:16,IP Address,174.106.114.244,100,206,TRUE,8/29/2021 16:16,R_2ZDrix1MjIcOczl,,,,,34.80999756,-79.15920258,anonymous,EN,I do consent to participate,Reds,Not okay,Pretty bad,,Somewhat similar,cake decorator,probably cake decorator,,Teach them a recipe,provide job training/tools to group,Easy,Very easy,A little hard,"Reds,Blues","Cake decorater,Cleaner",Learning about Reds and Blues and answering questions about them,Please enter your age in years:,28,Female,,"Native American, American Indian, or Alaska Native",,"Bachelor's (B.A., B.S.)",Middle class,,,biological
8/29/2021 16:11,8/29/2021 16:16,IP Address,100.34.205.121,100,304,TRUE,8/29/2021 16:16,R_023Dq00Md0Jiovf,,,,,40.18089294,-75.21559906,anonymous,EN,I do consent to participate,Reds,Not okay,A little bad,,Somewhat similar,cleaner,,maybe cleaner,"Be more encouraging to eschew cleaning and decorate cakes, make it more socially acceptable for blues.",change group beliefs/values,Easy,A little easy,A little hard,"Reds,Blues","Cake decorater,Cleaner",Learning about Reds and Blues and answering questions about them,Please enter your age in years:,33,Male,,"White, Caucasian, or European American",,Some college,Working class,,,cultural
8/29/2021 16:11,8/29/2021 16:16,IP Address,76.217.27.124,100,297,TRUE,8/29/2021 16:16,R_d0WwuV7flWAl11n,,,,,34.10820007,-118.1568985,anonymous,EN,I do consent to participate,Reds,Not okay,"Very, very bad",,Somewhat different,cake decorator,probably cake decorator,,Have the Blue and Red alternate jobs each week. Pay Blue and Red same amount regardless of job. ,create more jobs or access to jobs,Easy,Pretty easy,A little hard,"Reds,Blues","Cake decorater,Cleaner",Learning about Reds and Blues and answering questions about them,Please enter your age in years:,29,Female,,Black or African American,,"Bachelor's (B.A., B.S.)",Middle class,no,bias,biological
8/29/2021 16:13,8/29/2021 16:16,IP Address,70.19.61.133,100,203,TRUE,8/29/2021 16:16,R_2fOpCbl72TtwVDH,,,,,41.27090454,-73.68569946,anonymous,EN,I do consent to participate,Reds,Not okay,Pretty bad,,Somewhat similar,cake decorator,probably cake decorator,,"Distribute the workload between Reds and Blues. Some Reds and some blues can clean the place, while some blues and some reds can decorate the cakes.",create more jobs or access to jobs,Easy,Pretty easy,A little hard,"Reds,Blues","Cake decorater,Cleaner",Learning about Reds and Blues and answering questions about them,Prefer not to specify,,Prefer not to specify,,Prefer not to specify,,Prefer not to specify,Prefer not to specify,,,cultural
8/29/2021 16:15,8/29/2021 16:17,IP Address,68.102.58.156,100,155,TRUE,8/29/2021 16:17,R_3OpLyao73NkBq42,,,,,37.73699951,-97.25140381,anonymous,EN,I do consent to participate,Reds,Not okay,"Very, very bad",,Very similar,cleaner,,probably cleaner,Remove rules preventing them from decorating,create more jobs or access to jobs,Easy,Very easy,A little hard,"Reds,Blues","Cake decorater,Cleaner",Learning about Reds and Blues and answering questions about them,Please enter your age in years:,31,Male,,"White, Caucasian, or European American",,"Master's (M.A., M.S.)",Middle class,N/a,Social inequality,structural
8/29/2021 16:11,8/29/2021 16:17,IP Address,97.93.58.51,100,360,TRUE,8/29/2021 16:17,R_28IBeu04MHzd63T,,,,,34.23370361,-118.2536011,anonymous,EN,I do consent to participate,Reds,Not okay,"Very, very bad",,Somewhat similar,cleaner,,probably cleaner,I would allow Blues to go to the cake-decorating school and give them information about the school while they're at the bakery. ,create more jobs or access to jobs,Hard,,,"Reds,Blues","Cake decorater,Cleaner",Learning about Reds and Blues and answering questions about them,Please enter your age in years:,31,Female,,Black or African American,,"Master's (M.A., M.S.)",Middle class,None,I think it's about how adults perceive working toward achieving economic & social equality.,structural
8/29/2021 16:11,8/29/2021 16:18,IP Address,73.219.249.59,100,445,TRUE,8/29/2021 16:18,R_3G8Prcylq9AAlib,,,,,42.24630737,-70.99720001,anonymous,EN,I do consent to participate,Reds,Not okay,"Very, very bad",,Somewhat different,cleaner,,maybe cleaner,Offer more financial incentive for Blues to decorate cakes.,"change job wages, value, hours, work",Easy,A little easy,A little hard,"Reds,Blues","Cake decorater,Cleaner",Learning about Reds and Blues and answering questions about them,Please enter your age in years:,34,Male,,East Asian,,"Bachelor's (B.A., B.S.)",Middle class,There were no issues.,This study is possibly about generational employment issues.,cultural
8/29/2021 16:11,8/29/2021 16:18,IP Address,24.163.25.212,100,459,TRUE,8/29/2021 16:18,R_3nJbEm4ls6Pw7s8,,,,,36.03300476,-80.39160156,anonymous,EN,I do consent to participate,Reds,Not okay,"Very, very bad",,Equally similar and different,cleaner,,probably cleaner,make it so blues are able to be taught how to bake cakes.,create more jobs or access to jobs,Hard,,,"Reds,Blues","Cake decorater,Cleaner",Learning about Reds and Blues and answering questions about them,Please enter your age in years:,36,Male,,"White, Caucasian, or European American",,"Bachelor's (B.A., B.S.)",Middle class,No.,racial equity,structural
8/29/2021 16:13,8/29/2021 16:18,IP Address,73.135.17.30,100,334,TRUE,8/29/2021 16:18,R_pAGw40OdOVhyIg1,,,,,39.33610535,-76.53890228,anonymous,EN,I do consent to participate,Reds,Okay,,A little good,Somewhat different,cleaner,,probably cleaner,I would start paying the cleaners more so that more reds would want to clean.,"change job wages, value, hours, work",Easy,Very easy,A little hard,"Reds,Blues","Cake decorater,Cleaner",Learning about Reds and Blues and answering questions about them,Please enter your age in years:,25,Male,,"White, Caucasian, or European American",,High school/GED,Working class,none,How people can solve problems with workers.,biological
8/29/2021 16:10,8/29/2021 16:19,IP Address,67.7.27.221,100,530,TRUE,8/29/2021 16:19,R_1ODdLiPxhUur8mJ,,,,,32.11180115,-95.33809662,anonymous,EN,I do consent to participate,Reds,Not okay,"Very, very bad",,Very similar,cake decorator,definitely cake decorator,,"I would lead a strike for better working conditions and opportunity. In other words, unionize.",create more jobs or access to jobs,Hard,,,"Reds,Blues","Cake decorater,Cleaner",Learning about Reds and Blues and answering questions about them,Please enter your age in years:,62,Male,,"White, Caucasian, or European American",,Some college,Middle class,no,subtle prejudice.,biological
8/29/2021 16:12,8/29/2021 16:19,IP Address,173.80.212.22,100,424,TRUE,8/29/2021 16:19,R_25Egf21z383c4Ss,,,,,37.84790039,-81.99610138,anonymous,EN,I do consent to participate,Reds,Not okay,"Very, very bad",,Very similar,cake decorator,probably cake decorator,,let them go to school to learn how to decorate cakes so they also have a chance to get more money and have an easier and more fun job,create more jobs or access to jobs,Easy,Very easy,A little hard,"Reds,Blues",Cake decorater,Learning about Reds and Blues and answering questions about them,Please enter your age in years:,39,Female,,"White, Caucasian, or European American",,"Bachelor's (B.A., B.S.)",Working class,no,what we think about equality,structural
8/29/2021 16:16,8/29/2021 16:20,IP Address,162.196.176.250,100,215,TRUE,8/29/2021 16:20,R_2B8wt7I6jxFITpX,,,,,34.20469666,-118.572998,anonymous,EN,I do consent to participate,Reds,Okay,,A little good,Somewhat different,cake decorator,probably cake decorator,,I would provide training and the ability to decorate cakes for equality.,provide job training/tools to group,Easy,Pretty easy,A little hard,"Reds,Blues","Cake decorater,Cleaner",Learning about Reds and Blues and answering questions about them,Please enter your age in years:,52,Male,,"White, Caucasian, or European American",,"Bachelor's (B.A., B.S.)",Working class,no,about discriminations in the work place,biological
8/29/2021 16:16,8/29/2021 16:20,IP Address,104.8.174.38,100,229,TRUE,8/29/2021 16:20,R_ThgYPdTqGqTA87f,,,,,41.44529724,-81.69909668,anonymous,EN,I do consent to participate,Reds,Not okay,"Very, very bad",,Equally similar and different,cake decorator,probably cake decorator,,I think there should be cross training between the blues and the reds and a raise for the blues,provide job training/tools to group,Easy,A little easy,A little hard,"Reds,Blues","Cake decorater,Cleaner",Learning about Reds and Blues and answering questions about them,Please enter your age in years:,32,Female,,"White, Caucasian, or European American",,"Bachelor's (B.A., B.S.)",Working class,"I dont, it was simple!",To see how people view equality,biological
8/29/2021 16:11,8/29/2021 16:21,IP Address,74.37.69.184,100,568,TRUE,8/29/2021 16:21,R_envdZ9vQmY4nXgt,,,,,46.04139709,-89.23860168,anonymous,EN,I do consent to participate,Reds,Not okay,A little bad,,Somewhat similar,cake decorator,maybe cake decorator,,Directly hire blues to decorate.,create more jobs or access to jobs,Easy,Very easy,A little hard,"Reds,Blues","Cake decorater,Cleaner",Learning about Reds and Blues and answering questions about them,Please enter your age in years:,31,Male,,"White, Caucasian, or European American",,"Bachelor's (B.A., B.S.)",Middle class,na,perception of race,biological
8/29/2021 16:15,8/29/2021 16:21,IP Address,68.101.172.192,100,350,TRUE,8/29/2021 16:21,R_2xENTtjmDYdNPIG,,,,,33.08929443,-117.1152954,anonymous,EN,I do consent to participate,Reds,Not okay,Pretty bad,,Somewhat similar,cake decorator,maybe cake decorator,,"Remove the rule that prevents Blues from attending cake-decorating school.  Any Blue who learns how to decorate cakes should then be allowed to do that job, and any Red who has the same skill should also be allowed to decorate cakes.",create more jobs or access to jobs,Easy,Pretty easy,A little hard,"Reds,Blues","Cake decorater,Cleaner",Learning about Reds and Blues and answering questions about them,Please enter your age in years:,38,Male,,"White, Caucasian, or European American",,"Bachelor's (B.A., B.S.)",Working class,No problems,How people view questions of fairness in fictional societies,structural
8/29/2021 16:12,8/29/2021 16:21,IP Address,73.226.237.125,100,557,TRUE,8/29/2021 16:21,R_2VOPHIVfB5WLgUe,,,,,40.55549622,-74.28549957,anonymous,EN,I do consent to participate,Reds,Not okay,Pretty bad,,Very similar,cake decorator,maybe cake decorator,,I would introduce Blues to cake decorating when they are young. This will give them the experience and the opportunity to consider cake decorating when they become older. I would also remove the rule that only reds decorate and blues clean.,change group beliefs/values,Easy,Pretty easy,A little hard,"Reds,Blues","Cake decorater,Cleaner",Learning about Reds and Blues and answering questions about them,Please enter your age in years:,36,Female,,Black or African American,,"Bachelor's (B.A., B.S.)",Middle class,,,cultural
8/29/2021 16:17,8/29/2021 16:21,IP Address,172.58.27.233,100,249,TRUE,8/29/2021 16:21,R_3Odz9FHI4KXaN84,,,,,34.04469299,-118.2946014,anonymous,EN,I do consent to participate,Reds,Not okay,Pretty bad,,Very different,cake decorator,probably cake decorator,,Make sure all the blues and reds have the equal ammount of jobs in either decorating the cakes or cleaning the bakery.,other,Easy,Pretty easy,Pretty hard,"Reds,Blues","Cake decorater,Cleaner",Learning about Reds and Blues and answering questions about them,Please enter your age in years:,22,Male,,Hispanic or Latino/a,,Some college,Middle class,,,cultural
8/29/2021 16:15,8/29/2021 16:24,IP Address,172.220.244.5,100,553,TRUE,8/29/2021 16:24,R_2PC4hJi5D90oELn,,,,,35.45019531,-79.13619995,anonymous,EN,I do consent to participate,Reds,Not okay,"Very, very bad",,Very similar,cleaner,,maybe cleaner,Make the pay for cleaning 7 coins and the pay for decorating 4 coins. It would not change how much the bakery owner pays out of pocket. ,"change job wages, value, hours, work",Easy,Very easy,A little hard,"Reds,Blues","Cake decorater,Cleaner",Learning about Reds and Blues and answering questions about them,Please enter your age in years:,27,Female,,"White, Caucasian, or European American",,"Bachelor's (B.A., B.S.)",Middle class,It was all clear. ,Probably something about income inequality for certain demographics. ,cultural
8/29/2021 16:19,8/29/2021 16:26,IP Address,73.245.123.35,100,414,TRUE,8/29/2021 16:26,R_tF0uDkZwJggSz9D,,,,,26.59910583,-80.12840271,anonymous,EN,I do consent to participate,Reds,Not okay,"Very, very bad",,Somewhat different,cake decorator,probably cake decorator,,I would have them share the job equally with the cake decorators,create more jobs or access to jobs,Easy,Very easy,A little hard,"Reds,Blues","Cake decorater,Cleaner",Learning about Reds and Blues and answering questions about them,Please enter your age in years:,69,Female,,"White, Caucasian, or European American",,High school/GED,Working class,no problems or confusion,equal pay for workers,cultural
8/29/2021 16:24,8/29/2021 16:26,IP Address,76.221.209.152,100,132,TRUE,8/29/2021 16:26,R_1E73PfwBEpl9f1I,,,,,42.29670715,-85.20659637,anonymous,EN,I do consent to participate,Reds,Not okay,"Very, very bad",,Equally similar and different,cake decorator,maybe cake decorator,,I would make a law that says 1/2 of the cake decorators must be Blues.,create more jobs or access to jobs,Hard,,,"Reds,Blues","Cake decorater,Cleaner",Learning about Reds and Blues and answering questions about them,Please enter your age in years:,35,Non-binary,,East Asian,,Some college,Working class,,,biological
8/29/2021 16:20,8/29/2021 16:26,IP Address,174.192.138.60,100,357,TRUE,8/29/2021 16:26,R_3snaZf11cv82yAp,,,,,42.99229431,-87.99320221,anonymous,EN,I do consent to participate,Reds,Not okay,"Very, very bad",,Very similar,cake decorator,definitely cake decorator,,allow blues to learn to decorate cakes,create more jobs or access to jobs,Easy,Very easy,A little hard,"Reds,Blues","Cake decorater,Cleaner",Learning about Reds and Blues and answering questions about them,Please enter your age in years:,39,Female,,"White, Caucasian, or European American",,High school/GED,Working class,,not sure,structural
8/29/2021 16:17,8/29/2021 16:27,IP Address,96.29.208.233,100,618,TRUE,8/29/2021 16:27,R_3gXjPYuUzDGVUey,,,,,38.18659973,-85.6529007,anonymous,EN,I do consent to participate,Reds,Not okay,A little bad,,Equally similar and different,cleaner,,probably cleaner,I would make sure that the Blues that decorate cakes are qualified to decorate them; that they have the training to do decorate cakes which is most important as obviously the Reds already have that ability. ,other,Hard,,,"Reds,Blues","Cake decorater,Cleaner",Learning about Reds and Blues and answering questions about them,Please enter your age in years:,64,Female,,"White, Caucasian, or European American",,Some college,Working class,No,"Looking at the big picture, taking everything into account.",structural
8/29/2021 16:11,8/29/2021 16:29,IP Address,173.27.71.217,100,1081,TRUE,8/29/2021 16:29,R_3EDYwzzzNi0cYTE,,,,,41.98460388,-91.6269989,anonymous,EN,I do consent to participate,Reds,Not okay,Pretty bad,,Somewhat different,cake decorator,probably cake decorator,,"I would ask the manager of the Bakery at Smorgsville to assign a blue as an intern to help the Red, as a supervisor, to decorate the cake for one month, and then evaluate this blue's performance. ",create more jobs or access to jobs,Easy,Pretty easy,A little hard,"Reds,Blues","Cake decorater,Cleaner",Learning about Reds and Blues and answering questions about them,Please enter your age in years:,54,Male,,East Asian,,"Doctoral (Ph.D., J.D., M.D.)",Middle class,none,people's opinion on social equality.  ,cultural
8/29/2021 16:36,8/29/2021 16:41,IP Address,67.140.166.219,100,268,TRUE,8/29/2021 16:41,R_719voGpw5NG042B,,,,,37.15310669,-84.09860229,anonymous,EN,I do consent to participate,Reds,Not okay,"Very, very bad",,Somewhat similar,cake decorator,probably cake decorator,,Lower the wages of decorating cakes.,"change job wages, value, hours, work",Easy,Very easy,A little hard,"Reds,Blues","Cake decorater,Cleaner",Learning about Reds and Blues and answering questions about them,Please enter your age in years:,34,Male,,"White, Caucasian, or European American",,Some college,Working class,No problems.,"I think it is a simplified version of the real world, but accurate in many ways. Many of the hard labor jobs in real life pay low amounts, while cushy, good jobs pay way more.",cultural
8/29/2021 16:40,8/29/2021 16:45,IP Address,24.208.204.197,100,292,TRUE,8/29/2021 16:45,R_1DAN3McxzJ8GaHM,,,,,39.96479797,-83.12599945,anonymous,EN,I do consent to participate,Reds,Not okay,"Very, very bad",,Somewhat similar,cleaner,,probably cleaner,Send Blues to learn how to decorate cakes.,provide job training/tools to group,Easy,Pretty easy,A little hard,"Reds,Blues","Cake decorater,Cleaner",Learning about Reds and Blues and answering questions about them,Please enter your age in years:,57,Female,,"White, Caucasian, or European American",,High school/GED,Middle class,No. Everything worked fine.,How people view others and their place,structural
8/29/2021 16:41,8/29/2021 16:46,IP Address,104.183.119.52,100,279,TRUE,8/29/2021 16:46,R_b1TprsKCfQ961UZ,,,,,28.55039978,-81.1832962,anonymous,EN,I do consent to participate,Reds,Not okay,Pretty bad,,Somewhat different,cleaner,,probably cleaner,Train the blues so they could become great cake decorators.,provide job training/tools to group,Hard,,,"Reds,Blues","Cake decorater,Cleaner",Learning about Reds and Blues and answering questions about them,Please enter your age in years:,31,Female,,East Asian,,"Bachelor's (B.A., B.S.)",Working class,,Our perception on social equality.,biological
8/29/2021 16:38,8/29/2021 16:51,IP Address,73.153.191.15,100,783,TRUE,8/29/2021 16:51,R_2PAOg3dy81pFgcN,,,,,39.72909546,-105.1896973,anonymous,EN,I do consent to participate,Reds,Okay,,Pretty good,Somewhat different,cleaner,,definitely cleaner,Hold a decoration contest for the Blues.,other,Easy,Pretty easy,A little hard,"Reds,Blues","Cake decorater,Cleaner",Learning about Reds and Blues and answering questions about them,Prefer not to specify,,Female,,"White, Caucasian, or European American",,"Bachelor's (B.A., B.S.)",Working class,n/a,probably races,cultural
8/29/2021 16:59,8/29/2021 17:04,IP Address,68.35.178.178,100,310,TRUE,8/29/2021 17:04,R_1cUqKOQNAnST0gE,,,,,34.66659546,-86.5535965,anonymous,EN,I do consent to participate,Reds,Not okay,"Very, very bad",,Equally similar and different,cake decorator,probably cake decorator,,I would allow the Blues the ability to go to school so they can be taught how to decorate cakes.,create more jobs or access to jobs,Easy,Pretty easy,A little hard,"Reds,Blues","Cake decorater,Cleaner",Learning about Reds and Blues and answering questions about them,Please enter your age in years:,43,Male,,Black or African American,,"Bachelor's (B.A., B.S.)",Working class,,,structural
8/29/2021 17:08,8/29/2021 17:11,IP Address,67.247.68.1,100,196,TRUE,8/29/2021 17:11,R_2CsjwCZMac91ER7,,,,,43.06419373,-74.33399963,anonymous,EN,I do consent to participate,Reds,Okay,,A little good,Somewhat similar,cake decorator,maybe cake decorator,,I would tell the Blues to start decorating cakes.,change group beliefs/values,Easy,Pretty easy,A little hard,"Reds,Blues","Cake decorater,Cleaner",Learning about Reds and Blues and answering questions about them,Please enter your age in years:,27,Male,,"White, Caucasian, or European American",,"Bachelor's (B.A., B.S.)",Working class,,,biological
8/29/2021 16:42,8/29/2021 17:23,IP Address,68.202.46.147,100,2436,TRUE,8/29/2021 17:23,R_3oL0oim2LCykSmM,,,,,29.04220581,-81.28630066,anonymous,EN,I do consent to participate,Reds,Okay,,A little good,Equally similar and different,cake decorator,probably cake decorator,,train blue people how to decorate cakes,provide job training/tools to group,Easy,Pretty easy,A little hard,"Reds,Blues","Cake decorater,Cleaner",Learning about Reds and Blues and answering questions about them,Please enter your age in years:,50,Male,,"White, Caucasian, or European American",,"Bachelor's (B.A., B.S.)",Working class,It was very easy I can't think of anyway to improve it.,I just wanted to clarify one of my answers. I said I thought it was okay that only reds decorated cakes and only blues cleaned. What I thought wasn't okay was that cake decorators got paid more. They should either get equal pay or honestly the cleaners should get more cause their jobs are harder and less enjoyable. If you fixed that problem then honestly you'd probably see some reds opting to clean and then some blues could fill those cake decorating jobs left vacant. Yes I've given this way too much thought for an 83 cent survey. :D,cultural
8/29/2021 17:30,8/29/2021 17:35,IP Address,73.202.195.159,100,311,TRUE,8/29/2021 17:35,R_TuxJLV2bKbsvXcR,,,,,38.10249329,-122.2131958,anonymous,EN,I do consent to participate,Reds,Okay,,"Very, very good",Very different,cake decorator,probably cake decorator,,I'd have them fight back against the reds for equality and demand to decorate cake.,create more jobs or access to jobs,Hard,,,"Reds,Blues","Cake decorater,Cleaner",Learning about Reds and Blues and answering questions about them,Please enter your age in years:,37,Female,,"White, Caucasian, or European American",,"Bachelor's (B.A., B.S.)",Middle class,no,equality,structural
8/29/2021 16:55,8/29/2021 17:52,IP Address,98.10.58.230,100,3409,TRUE,8/29/2021 17:52,R_2pQOlT4U2HcAt3E,,,,,43.14419556,-77.5503006,anonymous,EN,I do consent to participate,Reds,Not okay,"Very, very bad",,Very different,cleaner,,probably cleaner,I would allow blues to go to school to learn how to decorate cakes.,create more jobs or access to jobs,Easy,Very easy,A little hard,"Reds,Blues","Cake decorater,Cleaner",Learning about Reds and Blues and answering questions about them,Please enter your age in years:,31,Female,,"White, Caucasian, or European American",,"Master's (M.A., M.S.)",Middle class,,,structural
8/29/2021 17:45,8/29/2021 17:53,IP Address,66.38.103.191,100,452,TRUE,8/29/2021 17:53,R_egJzcS43UsxfhPX,,,,,36.76139832,-86.19290161,anonymous,EN,I do consent to participate,Reds,Okay,,Pretty good,Equally similar and different,cake decorator,maybe cake decorator,,I would have the Reds teach the Blues how to decorate capes.,provide job training/tools to group,Easy,A little easy,A little hard,"Reds,Blues","Cake decorater,Cleaner",Learning about Reds and Blues and answering questions about them,Please enter your age in years:,64,Female,,"White, Caucasian, or European American",,"Bachelor's (B.A., B.S.)",Middle class,,"racism, and how people are kept in lowering paying jobs generation after generation",cultural
8/29/2021 18:09,8/29/2021 18:18,IP Address,73.186.217.114,100,534,TRUE,8/29/2021 18:18,R_12zjsucBr7s6CpS,,,,,41.49389648,-73.05169678,anonymous,EN,I do consent to participate,Reds,Not okay,"Very, very bad",,Somewhat similar,cleaner,,probably cleaner,Hiring quota to ensure equal distribution of Reds and Blues working in the more lucrative cake decorating position.,create more jobs or access to jobs,Hard,,,"Reds,Blues","Cake decorater,Cleaner",Learning about Reds and Blues and answering questions about them,Please enter your age in years:,38,Male,,"White, Caucasian, or European American,Hispanic or Latino/a",,"Bachelor's (B.A., B.S.)",Middle class,I thought everything in the study was pretty clear. One small suggestion would to perhaps change the graphics slightly as the survey indicated that the Blues had stronger arms / bodies but they looked otherwise identical to the Reds. Maybe show Blues to be a little bit more muscular than the Reds in the graphics for the sake of consistency..,"I believe the study was measuring perceptions of race and class among participants. I believe that since the future runs of the study will be targeted at children, their responses may be compared against an adult participant cohort.",biological
8/29/2021 18:20,8/29/2021 18:25,IP Address,70.175.76.68,100,256,TRUE,8/29/2021 18:25,R_1OUJTByDPoISTz5,,,,,32.27279663,-110.7658997,anonymous,EN,I do consent to participate,Reds,Not okay,Pretty bad,,Somewhat different,cleaner,,maybe cleaner,I'd file a lawsuit challenging the legality of the rule only allowing Reds to decorate cakes.,create more jobs or access to jobs,Hard,,,"Reds,Blues","Cake decorater,Cleaner",Learning about Reds and Blues and answering questions about them,Please enter your age in years:,50,Male,,"White, Caucasian, or European American",,"Bachelor's (B.A., B.S.)",Working class,,,structural
8/29/2021 18:37,8/29/2021 18:42,IP Address,73.67.133.254,100,288,TRUE,8/29/2021 18:42,R_1BPps1s3ObLjboG,,,,,45.5032959,-122.7743988,anonymous,EN,I do consent to participate,Reds,Okay,,Pretty good,Somewhat different,cake decorator,maybe cake decorator,,Fire half the Reds so the Blues have to take their jobs.,create more jobs or access to jobs,Easy,Pretty easy,A little hard,"Reds,Blues","Cake decorater,Cleaner",Learning about Reds and Blues and answering questions about them,Please enter your age in years:,32,Male,,"White, Caucasian, or European American",,High school/GED,Working class,,,cultural
8/29/2021 18:30,8/29/2021 18:42,IP Address,199.96.123.170,100,732,TRUE,8/29/2021 18:42,R_31z725lNNhF6Wo3,,,,,38.36000061,-86.9285965,anonymous,EN,I do consent to participate,Reds,Okay,,A little good,Somewhat different,cleaner,,probably cleaner,"Swap at least one Blue with one Red. Put them in a bit of a training program - one Blue will learn how to decorate cakes, and one Red will learn how to clean. This way, there's more diversity, allowing the Reds and Blues to develop a wider skillset.  ",create more jobs or access to jobs,Easy,A little easy,A little hard,"Reds,Blues","Cake decorater,Cleaner",Learning about Reds and Blues and answering questions about them,Please enter your age in years:,23,Male,,"White, Caucasian, or European American",,Some college,Middle class,"One very specific problem. The text box where we discussed our idea to help the Blues out, wraps text downward. In this box here, the text goes towards the right, so we don't have to scroll down such a small text box. Earlier in that ""1 specific idea"" section, it was the same size as this, but since the text wrapped DOWNWARD, it made it pretty tedious to scroll through and read our response. I'd suggest making that box behave like this one - going towards the right - or make that text box bigger, like the one below this one.",Looking into economic equality and how one might help improve it.,biological
8/29/2021 19:17,8/29/2021 19:22,IP Address,96.11.217.118,100,290,TRUE,8/29/2021 19:22,R_2UhlpnUSHnUZnyD,,,,,38.00520325,-84.42299652,anonymous,EN,I do consent to participate,Reds,Not okay,"Very, very bad",,Somewhat different,cake decorator,definitely cake decorator,,Move to the other town,create more jobs or access to jobs,Easy,Pretty easy,A little hard,"Reds,Blues","Cake decorater,Cleaner",Learning about Reds and Blues and answering questions about them,Please enter your age in years:,44,Female,,"White, Caucasian, or European American",,Some college,Middle class,,I think this was teaching about different opportunities for people through story telling,structural
8/29/2021 19:27,8/29/2021 19:30,IP Address,206.255.202.115,100,203,TRUE,8/29/2021 19:30,R_3D17SSKsDIkR8Eb,,,,,35.24360657,-91.73130035,anonymous,EN,I do consent to participate,Reds,Not okay,"Very, very bad",,Equally similar and different,cake decorator,probably cake decorator,,I would hold classes to teach the Blues how to decorate cakes.,provide job training/tools to group,Hard,,,"Reds,Blues","Cake decorater,Cleaner",Learning about Reds and Blues and answering questions about them,Please enter your age in years:,48,Female,,"White, Caucasian, or European American",,"Bachelor's (B.A., B.S.)",Middle class,No problems or confusion,Racial empathy or racial discrimination,biological
8/29/2021 20:03,8/29/2021 20:06,IP Address,74.133.135.37,100,209,TRUE,8/29/2021 20:06,R_3dE6ZZzRLGyg5Lx,,,,,38.93449402,-84.54810333,anonymous,EN,I do consent to participate,Reds,Not okay,Pretty bad,,Very similar,cleaner,,probably cleaner,send them to school to learn how to decorate cakes,provide job training/tools to group,Easy,Pretty easy,A little hard,"Reds,Blues","Cake decorater,Cleaner",Learning about Reds and Blues and answering questions about them,Please enter your age in years:,60,Male,,"White, Caucasian, or European American",,"Doctoral (Ph.D., J.D., M.D.)",Middle class,progress bar pls,our perception of stereotypes,structural
8/29/2021 18:50,8/29/2021 20:18,IP Address,24.95.181.46,100,5249,TRUE,8/29/2021 20:18,R_1lAlYtBy8AJUkA2,,,,,38.47360229,-82.64129639,anonymous,EN,I do consent to participate,Reds,Okay,,A little good,Somewhat different,cake decorator,probably cake decorator,,I would ask the Blues if any of them wanted to learn to decorate instead of clean and then I would ask a few of the Reds to help train them.,ambiguous,Easy,A little easy,A little hard,"Reds,Blues","Cake decorater,Cleaner",Learning about Reds and Blues and answering questions about them,Please enter your age in years:,49,Female,,"White, Caucasian, or European American",,"Bachelor's (B.A., B.S.)",Working class,I thought the stories were very clear and I enjoyed the illustrations too.,I think the purpose may be related to stereotypes.,cultural
8/29/2021 20:54,8/29/2021 21:41,IP Address,68.116.204.179,100,2827,TRUE,8/29/2021 21:41,R_3qyyPC4NSUXAabn,,,,,42.29170227,-71.78579712,anonymous,EN,I do consent to participate,Reds,Not okay,"Very, very bad",,Somewhat different,cake decorator,definitely cake decorator,,"Perhaps split the time blues and reds to each job to half, so half the time blues decorate cakes, and half the time reds clean the bakery.",create more jobs or access to jobs,Easy,Pretty easy,A little hard,"Reds,Blues","Cake decorater,Cleaner",Learning about Reds and Blues and answering questions about them,Please enter your age in years:,38,Male,,"White, Caucasian, or European American",,Some college,Middle class,"No, thank you.",Understanding class disparity. ,biological
8/29/2021 22:02,8/29/2021 22:05,IP Address,45.46.160.244,100,171,TRUE,8/29/2021 22:05,R_1IBjcG1LnKqwVix,,,,,42.91349792,-78.88899994,anonymous,EN,I do consent to participate,Reds,Not okay,Pretty bad,,Very similar,cleaner,,probably cleaner,Allow them to work half a week clean then decorating,create more jobs or access to jobs,Easy,Very easy,A little hard,"Reds,Blues","Cake decorater,Cleaner",Learning about Reds and Blues and answering questions about them,Please enter your age in years:,28,Male,,"White, Caucasian, or European American",,"Bachelor's (B.A., B.S.)",Working class,,,cultural
8/29/2021 22:11,8/29/2021 22:14,IP Address,76.125.139.110,100,137,TRUE,8/29/2021 22:14,R_3ew6qW1LtlmroV6,,,,,40.52450562,-79.08429718,anonymous,EN,I do consent to participate,Reds,Not okay,Pretty bad,,Somewhat similar,cleaner,,maybe cleaner,Educate them on the opportunities available to them.,change group beliefs/values,Easy,Pretty easy,A little hard,"Reds,Blues","Cake decorater,Cleaner",Learning about Reds and Blues and answering questions about them,Please enter your age in years:,31,Male,,"White, Caucasian, or European American",,"Master's (M.A., M.S.)",Working class,,,cultural
8/29/2021 22:10,8/29/2021 22:14,IP Address,162.193.23.43,100,223,TRUE,8/29/2021 22:14,R_2zOPycmOo4UD3ym,,,,,29.70089722,-95.58850098,anonymous,EN,I do consent to participate,Reds,Not okay,Pretty bad,,Equally similar and different,cleaner,,probably cleaner,I would let them go to a cake decorating school for free. They can learn how to do it and work as a decorator.,create more jobs or access to jobs,Hard,,,"Reds,Blues","Cake decorater,Cleaner",Learning about Reds and Blues and answering questions about them,Please enter your age in years:,30,Male,,"White, Caucasian, or European American",,"Bachelor's (B.A., B.S.)",Working class,,,structural
8/29/2021 22:11,8/29/2021 22:15,IP Address,173.62.251.151,100,210,TRUE,8/29/2021 22:15,R_1kXEpR4xtqmTK4B,,,,,39.93609619,-75.26249695,anonymous,EN,I do consent to participate,Reds,Not okay,"Very, very bad",,Very different,cleaner,,probably cleaner,I would have schooling or a program that helps Blues learn to decorate cakes.,provide job training/tools to group,Easy,Pretty easy,A little hard,"Reds,Blues","Cake decorater,Cleaner",Learning about Reds and Blues and answering questions about them,Please enter your age in years:,29,Male,,South or Southeast Asian,,"Bachelor's (B.A., B.S.)",Middle class,,,structural
8/29/2021 22:15,8/29/2021 22:16,IP Address,24.102.88.110,100,67,TRUE,8/29/2021 22:16,R_3JgV57sakokjtEg,,,,,40.77870178,-73.91320038,anonymous,EN,I do NOT consent to participate,,,,,,,,,,,,,,,,,,,,,,,,,,,
8/29/2021 22:12,8/29/2021 22:16,IP Address,66.177.31.244,100,246,TRUE,8/29/2021 22:16,R_dpeqeW1mUorPys9,,,,,30.28509521,-81.82170105,anonymous,EN,I do consent to participate,Reds,Not okay,Pretty bad,,Somewhat different,cake decorator,probably cake decorator,,Promote hardworking blues with an interest in cake decorating to be cake decorators.,other,Hard,,,"Reds,Blues","Cake decorater,Cleaner",Learning about Reds and Blues and answering questions about them,Please enter your age in years:,33,Female,,"White, Caucasian, or European American",,Some college,Middle class,,Whether learning that someone is raised for a certain job makes people feel that they should stay in that job or be treated more equally.,cultural
8/29/2021 22:13,8/29/2021 22:17,IP Address,67.160.231.240,100,256,TRUE,8/29/2021 22:17,R_2E6vazPYelsZ5FP,,,,,37.8993988,-122.1143951,anonymous,EN,I do consent to participate,Reds,Not okay,"Very, very bad",,Very different,cake decorator,maybe cake decorator,,I would create a school in the town next to it that allows blues to learn to decorate cakes.,provide job training/tools to group,Hard,,,"Reds,Blues","Cake decorater,Cleaner",Learning about Reds and Blues and answering questions about them,Please enter your age in years:,31,Male,,East Asian,,"Bachelor's (B.A., B.S.)",Working class,,,structural
8/29/2021 22:13,8/29/2021 22:18,IP Address,23.242.160.135,100,253,TRUE,8/29/2021 22:18,R_3EFlTNaH0TTEwRy,,,,,34.21060181,-118.8715973,anonymous,EN,I do consent to participate,Reds,Okay,,A little good,Somewhat different,cleaner,,probably cleaner,Give them training if they want,provide job training/tools to group,Easy,Pretty easy,A little hard,"Reds,Blues","Cake decorater,Cleaner",Learning about Reds and Blues and answering questions about them,Please enter your age in years:,30,Male,,East Asian,,"Bachelor's (B.A., B.S.)",Working class,,,biological
8/29/2021 22:11,8/29/2021 22:19,IP Address,162.235.157.11,100,462,TRUE,8/29/2021 22:19,R_3GwRx7u6t95XNck,,,,,42.70829773,-87.79869843,anonymous,EN,I do consent to participate,Reds,Okay,,A little good,Somewhat different,cleaner,,probably cleaner,Give Reds stronger arms so they can clean as well as Blues. ,change group biology,Easy,A little easy,A little hard,"Reds,Blues","Cake decorater,Cleaner",Learning about Reds and Blues and answering questions about them,Please enter your age in years:,66,Male,,"White, Caucasian, or European American",,Some college,Working class,no,perception,biological
8/29/2021 22:03,8/29/2021 22:19,IP Address,23.119.175.212,100,959,TRUE,8/29/2021 22:19,R_29hMcF36uIcNcz2,,,,,29.69180298,-95.65260315,anonymous,EN,I do consent to participate,Reds,Not okay,Pretty bad,,Somewhat different,cake decorator,probably cake decorator,,I would create do a class on the basics of decorating cakes. I would teach them the about the tools that are used and some examples of common decorations and finally I would let everyone in the class decorate a cake for the first time.,provide job training/tools to group,Hard,,,"Reds,Blues","Cake decorater,Cleaner",Learning about Reds and Blues and answering questions about them,Please enter your age in years:,34,Male,,Hispanic or Latino/a,,High school/GED,Working class,No,What people think about a group that is not treated fairly.,biological
8/29/2021 22:15,8/29/2021 22:19,IP Address,72.209.18.237,100,245,TRUE,8/29/2021 22:19,R_26kFqgHv4qKE2YX,,,,,41.77600098,-72.52829742,anonymous,EN,I do consent to participate,Reds,Okay,,"Very, very good",Somewhat different,cake decorator,probably cake decorator,,Tell the city officials that the blues sould be allowed to decorate cakes,create more jobs or access to jobs,Hard,,,"Reds,Blues","Cake decorater,Cleaner",Learning about Reds and Blues and answering questions about them,Please enter your age in years:,45,Female,,Black or African American,,Some college,Middle class,,,structural
8/29/2021 22:15,8/29/2021 22:20,IP Address,98.26.231.65,100,255,TRUE,8/29/2021 22:20,R_w7NDJL0Hd4RNf8Z,,,,,35.86839294,-80.31500244,anonymous,EN,I do consent to participate,Reds,Okay,,A little good,Somewhat different,cleaner,,probably cleaner,I would make the cakes larger so they require more strength to make them.,"change job wages, value, hours, work",Easy,Pretty easy,A little hard,"Reds,Blues","Cake decorater,Cleaner",Learning about Reds and Blues and answering questions about them,Please enter your age in years:,30,Male,,"White, Caucasian, or European American",,High school/GED,Working class,everything was fine,to see how people would come up with ideas to help blues get a better job.,biological
8/29/2021 22:15,8/29/2021 22:20,IP Address,47.201.197.123,100,308,TRUE,8/29/2021 22:20,R_2VqGQSFSKudtQp4,,,,,28.03030396,-82.78160095,anonymous,EN,I do consent to participate,Reds,Not okay,"Very, very bad",,Very similar,cake decorator,probably cake decorator,,half the reds do sweeping and blues do cake decorating,create more jobs or access to jobs,Hard,,,"Reds,Blues","Cake decorater,Cleaner",Learning about Reds and Blues and answering questions about them,Please enter your age in years:,29,Male,,"White, Caucasian, or European American,Hispanic or Latino/a",,"Master's (M.A., M.S.)",Middle class,,,structural
8/29/2021 22:14,8/29/2021 22:20,IP Address,67.183.47.86,100,344,TRUE,8/29/2021 22:20,R_3HvRrUjbz7ZmkGX,,,,,47.53640747,-122.2779999,anonymous,EN,I do consent to participate,Reds,Okay,,A little good,Equally similar and different,cleaner,,maybe cleaner,I would try to find out what skills the blues could acquire that would help them be able to decorate cakes instead and then make it allowable for blues to decorate cakes as long as they had the same/appropriate skills as were required.,provide job training/tools to group,Hard,,,"Reds,Blues","Cake decorater,Cleaner",Learning about Reds and Blues and answering questions about them,Please enter your age in years:,38,Female,,"White, Caucasian, or European American",,"Master's (M.A., M.S.)",Middle class,"no problems, no suggestions",i am not sure,biological
8/29/2021 22:17,8/29/2021 22:20,IP Address,71.236.91.4,100,192,TRUE,8/29/2021 22:20,R_3GEctZW3KftsEsq,,,,,40.15879822,-79.81220245,anonymous,EN,I do consent to participate,Reds,Not okay,"Very, very bad",,Somewhat similar,cake decorator,probably cake decorator,,change the rules/laws,create more jobs or access to jobs,Hard,,,"Reds,Blues","Cake decorater,Cleaner",Learning about Reds and Blues and answering questions about them,Please enter your age in years:,23,Female,,"White, Caucasian, or European American",,High school/GED,Middle class,,,biological
8/29/2021 22:12,8/29/2021 22:20,IP Address,71.228.100.247,100,526,TRUE,8/29/2021 22:20,R_pE5rwp5tMNEnoop,,,,,35.50650024,-108.7414017,anonymous,EN,I do consent to participate,Reds,Okay,,Pretty good,Somewhat different,cleaner,,definitely cleaner,I put new colors and new attractive design,other,Easy,Pretty easy,A little hard,"Reds,Blues","Cake decorater,Cleaner",Learning about Reds and Blues and answering questions about them,Please enter your age in years:,28,Male,,Black or African American,,"Bachelor's (B.A., B.S.)",Working class,No,,cultural
8/29/2021 22:20,8/29/2021 22:20,IP Address,107.131.145.149,100,9,TRUE,8/29/2021 22:20,R_3st7j5juotW8Uju,,,,,41.46150208,-88.2786026,anonymous,EN,I do NOT consent to participate,,,,,,,,,,,,,,,,,,,,,,,,,,,
8/29/2021 22:14,8/29/2021 22:21,IP Address,184.177.84.245,100,370,TRUE,8/29/2021 22:21,R_XFEeFt4MMUaNz3j,,,,,37.39329529,-94.71620178,anonymous,EN,I do consent to participate,Reds,Okay,,Pretty good,Equally similar and different,cleaner,,probably cleaner,I would give them a class on how to decorate cakes,provide job training/tools to group,Hard,,,"Reds,Blues","Cake decorater,Cleaner",Learning about Reds and Blues and answering questions about them,Please enter your age in years:,60,Female,,"White, Caucasian, or European American",,"Bachelor's (B.A., B.S.)",Poor,No,An evaluation of attitudes toward class distinctions.,cultural
8/29/2021 22:15,8/29/2021 22:21,IP Address,99.35.42.200,100,350,TRUE,8/29/2021 22:21,R_WvAnq81faq5nonD,,,,,33.8513031,-84.28700256,anonymous,EN,I do consent to participate,Reds,Not okay,"Very, very bad",,Equally similar and different,cleaner,,definitely cleaner,Allow them to go to schools that teach how to decorate cakes.,create more jobs or access to jobs,Easy,Very easy,A little hard,"Reds,Blues","Cake decorater,Cleaner",Learning about Reds and Blues and answering questions about them,Please enter your age in years:,41,Male,,Black or African American,,"Bachelor's (B.A., B.S.)",Middle class,"The part where I had to select how hard or easy it would be to enact the action. I thought it would be easy, yet that 2nd part required me to describe how hard it would be. I thought that should be an ""either/or"" selection and THEN the degree of difficulty to enact said action. ",Discrimination/Affirmative Action and/or access to advancement for different groups.,structural
8/29/2021 22:15,8/29/2021 22:21,IP Address,63.230.46.66,100,371,TRUE,8/29/2021 22:21,R_21H9y2Sjzs18Dnm,,,,,41.29400635,-96.05410004,anonymous,EN,I do consent to participate,Reds,Okay,,A little good,Very similar,cleaner,,probably cleaner,Allow the Blues to try decorating some of the cakes.,create more jobs or access to jobs,Easy,Pretty easy,A little hard,"Reds,Blues","Cake decorater,Cleaner",Learning about Reds and Blues and answering questions about them,Please enter your age in years:,28,Male,,"White, Caucasian, or European American",,High school/GED,Working class,,,cultural
8/29/2021 22:19,8/29/2021 22:23,IP Address,73.50.3.236,100,247,TRUE,8/29/2021 22:23,R_2tEEuFaXpoKMMFL,,,,,41.7796936,-87.87200165,anonymous,EN,I do consent to participate,Reds,Not okay,Pretty bad,,Somewhat different,cleaner,,probably cleaner,Allow blues to enroll in classes that teach them how to decorate cakes should they desire to go. ,create more jobs or access to jobs,Easy,Very easy,A little hard,"Reds,Blues","Cake decorater,Cleaner",Learning about Reds and Blues and answering questions about them,Please enter your age in years:,26,Male,,"White, Caucasian, or European American",,"Bachelor's (B.A., B.S.)",Working class,Nothing,Perceptions of reds and blues and how it relates to class structure ,structural
8/29/2021 22:18,8/29/2021 22:26,IP Address,47.155.143.129,100,483,TRUE,8/29/2021 22:26,R_21hRgdwBGowuXaW,,,,,34.53019714,-117.213501,anonymous,EN,I do consent to participate,Reds,Okay,,A little good,Very different,cleaner,,maybe cleaner,make Blues taste the cakes so they will be motivated to decorate cakes.,change group beliefs/values,Easy,Very easy,A little hard,"Reds,Blues","Cake decorater,Cleaner",Learning about Reds and Blues and answering questions about them,Prefer not to specify,,Prefer not to specify,,Prefer not to specify,,Prefer not to specify,Prefer not to specify,,,cultural
8/29/2021 22:23,8/29/2021 22:27,IP Address,67.164.96.205,100,216,TRUE,8/29/2021 22:27,R_27jl0UGgyXKSBHz,,,,,37.37730408,-122.0194016,anonymous,EN,I do consent to participate,Reds,Okay,,A little good,Equally similar and different,cleaner,,maybe cleaner,I would change the law to allow blues to attend cake decorating school so they could learn the trade.  This would also make it clear that it's socially acceptable for blues to decorate cakes.,create more jobs or access to jobs,Easy,A little easy,A little hard,"Reds,Blues","Cake decorater,Cleaner",Learning about Reds and Blues and answering questions about them,Please enter your age in years:,34,Male,,East Asian,,"Bachelor's (B.A., B.S.)",Middle class,,,structural
8/29/2021 22:23,8/29/2021 22:27,IP Address,67.255.243.99,100,218,TRUE,8/29/2021 22:27,R_2awxVcImHPI4O9w,,,,,42.96299744,-72.29290009,anonymous,EN,I do consent to participate,Reds,Okay,,Pretty good,Somewhat similar,cleaner,,probably cleaner,I would take their broom from them and beat them with it,other,Hard,,,"Reds,Blues","Cake decorater,Cleaner",Learning about Reds and Blues and answering questions about them,Please enter your age in years:,35,Female,,"White, Caucasian, or European American",,High school/GED,Working class,none,perceptions of two different groups,cultural
8/29/2021 22:22,8/29/2021 22:27,IP Address,69.127.176.174,100,330,TRUE,8/29/2021 22:27,R_1DqBdPIg78Xmbcp,,,,,40.82200623,-73.86000061,anonymous,EN,I do consent to participate,Reds,Not okay,A little bad,,Equally similar and different,cake decorator,maybe cake decorator,,Allow equal opportunity to blues to get the job they desire and can do. ,create more jobs or access to jobs,Hard,,,"Reds,Blues","Cake decorater,Cleaner",Learning about Reds and Blues and answering questions about them,Please enter your age in years:,33,Male,,Hispanic or Latino/a,,"Bachelor's (B.A., B.S.)",Working class,,,biological
8/29/2021 22:21,8/29/2021 22:29,IP Address,71.214.22.70,100,464,TRUE,8/29/2021 22:29,R_3kzvEdaxYeqvwr7,,,,,29.01069641,-82.03549957,anonymous,EN,I do consent to participate,Reds,Okay,,"Very, very good",Somewhat different,cleaner,,probably cleaner,I would directly offer blues a position decorating cakes with the reds. ,create more jobs or access to jobs,Easy,Very easy,A little hard,"Reds,Blues","Cake decorater,Cleaner",Learning about Reds and Blues and answering questions about them,Please enter your age in years:,43,Male,,"White, Caucasian, or European American",,"Bachelor's (B.A., B.S.)",Poor,no problems. ,I'm guessing it was about race and careers. It assumes everyone is artistic enough to be a decorator. I've done both jobs and the cake decorator isn't necessarily better.,cultural
8/29/2021 22:25,8/29/2021 22:29,IP Address,24.168.202.105,100,250,TRUE,8/29/2021 22:29,R_2uJwd00A83vGM71,,,,,34.07369995,-81.18630219,anonymous,EN,I do consent to participate,Reds,Not okay,Pretty bad,,Very different,cake decorator,definitely cake decorator,,I would give each worker the choice of which job they would like to have. ,create more jobs or access to jobs,Easy,Pretty easy,A little hard,"Reds,Blues","Cake decorater,Cleaner",Learning about Reds and Blues and answering questions about them,Please enter your age in years:,31,Male,,"White, Caucasian, or European American",,"Bachelor's (B.A., B.S.)",Middle class,,,biological
8/29/2021 22:26,8/29/2021 22:29,IP Address,184.19.47.11,100,190,TRUE,8/29/2021 22:29,R_3lVx3ziuY55c6Om,,,,,39.5177002,-87.12380219,anonymous,EN,I do consent to participate,Reds,Okay,,A little good,Somewhat different,cleaner,,definitely cleaner,I would show the Red's the joy of cleaning and switch roles,other,Easy,Pretty easy,A little hard,"Reds,Blues","Cake decorater,Cleaner",Learning about Reds and Blues and answering questions about them,Please enter your age in years:,24,Female,,"White, Caucasian, or European American",,Some college,Middle class,,,cultural
8/29/2021 22:25,8/29/2021 22:30,IP Address,172.119.145.73,100,309,TRUE,8/29/2021 22:30,R_PS4dwL4PyR9tkpb,,,,,34.30769348,-118.4286957,anonymous,EN,I do consent to participate,Reds,Not okay,"Very, very bad",,Equally similar and different,cake decorator,maybe cake decorator,,Allow Blues to go to cake decorating school,create more jobs or access to jobs,Easy,Very easy,A little hard,"Reds,Blues","Cake decorater,Cleaner",Learning about Reds and Blues and answering questions about them,Please enter your age in years:,31,Female,,Hispanic or Latino/a,,"Bachelor's (B.A., B.S.)",Poor,No.,I'm not sure.,structural
8/29/2021 22:26,8/29/2021 22:31,IP Address,94.140.9.145,100,299,TRUE,8/29/2021 22:31,R_1l4wfDyVCwKQZVJ,,,,,41.87640381,-87.61329651,anonymous,EN,I do consent to participate,Reds,Okay,,"Very, very good",Very similar,cleaner,,maybe cleaner,make cleaning 15 coins,"change job wages, value, hours, work",Hard,,,"Reds,Blues","Cake decorater,Cleaner",Learning about Reds and Blues and answering questions about them,Please enter your age in years:,26,Male,,"White, Caucasian, or European American",,Some college,Poor,no,its about opportunity for African Americans,structural
8/29/2021 22:21,8/29/2021 22:31,IP Address,71.139.109.25,100,631,TRUE,8/29/2021 22:31,R_2dsy9hhU6zSXULY,,,,,34.68479919,-92.28130341,anonymous,EN,I do consent to participate,Reds,Not okay,"Very, very bad",,Very different,cake decorator,probably cake decorator,,Make the Blues just as equal as the Red and stop all the racism between them.,other,Easy,Pretty easy,Pretty hard,"Reds,Blues","Cake decorater,Cleaner",Learning about Reds and Blues and answering questions about them,Prefer not to specify,,Female,,Black or African American,,Some college,Prefer not to specify,No,Racial equity,structural
8/29/2021 22:28,8/29/2021 22:32,IP Address,24.116.141.253,100,287,TRUE,8/29/2021 22:32,R_2yqoDTgfYJMRCd7,,,,,43.61380005,-116.3972015,anonymous,EN,I do consent to participate,Reds,Okay,,A little good,Somewhat similar,cleaner,,maybe cleaner,"Have classes at the bakery for the blue employees on how to decorate cakes, and let them give it a whirl one of their shifts.",provide job training/tools to group,Easy,Pretty easy,A little hard,"Reds,Blues","Cake decorater,Cleaner",Learning about Reds and Blues and answering questions about them,Please enter your age in years:,35,Male,,"White, Caucasian, or European American",,"Bachelor's (B.A., B.S.)",Working class,No problems or confusion,Studying different socio-economic status based on immutable characteristics?,biological
8/29/2021 22:30,8/29/2021 22:34,IP Address,174.250.28.3,100,224,TRUE,8/29/2021 22:34,R_1FLBpLyKiIjVHMo,,,,,37.75100708,-97.8219986,anonymous,EN,I do consent to participate,Reds,Not okay,Pretty bad,,Somewhat different,cake decorator,probably cake decorator,,Politely ask if Blue can decorate cakes,change group beliefs/values,Easy,Pretty easy,A little hard,"Reds,Blues","Cake decorater,Cleaner",Learning about Reds and Blues and answering questions about them,Please enter your age in years:,24,Male,,"White, Caucasian, or European American",,"Bachelor's (B.A., B.S.)",Middle class,,,cultural
8/29/2021 22:28,8/29/2021 22:35,IP Address,141.149.57.200,100,386,TRUE,8/29/2021 22:35,R_Or5vyWyd8wBGsHn,,,,,40.60020447,-74.14689636,anonymous,EN,I do consent to participate,Blues,Okay,,Pretty good,Somewhat different,cake decorator,probably cake decorator,,drink some coffee,other,Easy,Pretty easy,A little hard,"Reds,Blues",Cake decorater,Learning about Reds and Blues and answering questions about them,Please enter your age in years:,28,Female,,"White, Caucasian, or European American",,"Bachelor's (B.A., B.S.)",Middle class,,,biological
8/29/2021 22:33,8/29/2021 22:37,IP Address,70.162.28.177,100,193,TRUE,8/29/2021 22:37,R_27wmCtCmY0L80nL,,,,,32.25030518,-110.9449997,anonymous,EN,I do consent to participate,Reds,Not okay,Pretty bad,,Somewhat different,cleaner,,probably cleaner,"train the blues to decorate cakes, so they can begin contributing.",provide job training/tools to group,Easy,Pretty easy,A little hard,"Reds,Blues","Cake decorater,Cleaner",Learning about Reds and Blues and answering questions about them,Please enter your age in years:,38,Male,,"White, Caucasian, or European American",,"Bachelor's (B.A., B.S.)",Middle class,No,I'm not sure,biological
8/29/2021 22:39,8/29/2021 22:44,IP Address,73.29.92.105,100,280,TRUE,8/29/2021 22:44,R_2uK8aWQ5ns2X8WA,,,,,40.61050415,-74.28130341,anonymous,EN,I do consent to participate,Reds,Not okay,Pretty bad,,Somewhat similar,cleaner,,maybe cleaner,I would give Blues jobs as cake decorators,create more jobs or access to jobs,Hard,,,"Reds,Blues","Cake decorater,Cleaner",Learning about Reds and Blues and answering questions about them,Please enter your age in years:,37,Male,,East Asian,,"Bachelor's (B.A., B.S.)",Middle class,,I believe the story is about social class,cultural
8/29/2021 22:45,8/29/2021 22:51,IP Address,67.162.161.167,100,415,TRUE,8/29/2021 22:51,R_BPUvIa3OlHFalVL,,,,,28.77389526,-81.64630127,anonymous,EN,I do consent to participate,Reds,Okay,,Pretty good,Somewhat different,cake decorator,probably cake decorator,,I'm not sure,don't know,Hard,,,"Reds,Blues","Cake decorater,Cleaner",Learning about Reds and Blues and answering questions about them,Please enter your age in years:,30,Female,,Black or African American,,Some college,Working class,,,cultural
8/29/2021 22:44,8/29/2021 22:53,IP Address,50.39.191.60,100,530,TRUE,8/29/2021 22:53,R_1CfGAdprP3Origp,,,,,45.45010376,-122.8679962,anonymous,EN,I do consent to participate,Reds,Not okay,"Very, very bad",,Equally similar and different,cake decorator,probably cake decorator,,I would vote for the blues to be allowed to attend cake decorating school,create more jobs or access to jobs,Easy,Very easy,A little hard,"Reds,Blues","Cake decorater,Cleaner",Learning about Reds and Blues and answering questions about them,Please enter your age in years:,31,Male,,Hispanic or Latino/a,,Some college,Working class,"Not at all, very straight forward",Obstacles that get in the way of education and opportunities that can be lost without it. ,structural
8/29/2021 22:11,8/29/2021 23:03,IP Address,72.253.216.233,100,3147,TRUE,8/29/2021 23:03,R_3QWpARIig5weRYk,,,,,21.39079285,-157.933197,anonymous,EN,I do consent to participate,Reds,Not okay,"Very, very bad",,Somewhat different,cleaner,,probably cleaner,i would require the reds to teach the blues how to cook in an apprenticeship program if any blues wanted to join.,provide job training/tools to group,Easy,Pretty easy,A little hard,"Reds,Blues","Cake decorater,Cleaner",Learning about Reds and Blues and answering questions about them,Please enter your age in years:,39,Male,,East Asian,,"Bachelor's (B.A., B.S.)",Poor,,,biological
8/29/2021 23:23,8/29/2021 23:29,IP Address,76.16.233.95,100,377,TRUE,8/29/2021 23:29,R_3GvV4Ku1I67OezU,,,,,41.70329285,-87.82980347,anonymous,EN,I do consent to participate,Reds,Not okay,"Very, very bad",,Equally similar and different,cleaner,,probably cleaner,Blues would be allowed to go to the school that teaches them how to decorate cakes.,create more jobs or access to jobs,Easy,Very easy,A little hard,"Reds,Blues","Cake decorater,Cleaner",Learning about Reds and Blues and answering questions about them,Please enter your age in years:,32,Male,,"White, Caucasian, or European American",,Some college,Poor,,,structural
8/29/2021 23:17,8/29/2021 23:34,IP Address,68.201.2.226,100,1049,TRUE,8/29/2021 23:34,R_WunxMaq4QPYThqV,,,,,33.85569763,-98.57929993,anonymous,EN,I do consent to participate,Reds,Okay,,"Very, very good",Equally similar and different,cake decorator,probably cake decorator,,i will explain about the coins,change group beliefs/values,Easy,Pretty easy,A little hard,"Reds,Blues","Cake decorater,Cleaner",Learning about Reds and Blues and answering questions about them,Please enter your age in years:,39,Male,,"White, Caucasian, or European American",,"Bachelor's (B.A., B.S.)",Middle class,,,biological
8/29/2021 23:28,8/29/2021 23:36,IP Address,196.17.67.25,100,527,TRUE,8/29/2021 23:36,R_3RdzjjpilJrJFo4,,,,,34.05439758,-118.2440033,anonymous,EN,I do consent to participate,Reds,Not okay,Pretty bad,,Equally similar and different,cake decorator,probably cake decorator,,I will provide opportunity for blues to decorate the cake and see if they are good at it.,create more jobs or access to jobs,Easy,A little easy,A little hard,"Reds,Blues","Cake decorater,Cleaner",Learning about Reds and Blues and answering questions about them,Please enter your age in years:,40,Male,,"Native American, American Indian, or Alaska Native",,"Bachelor's (B.A., B.S.)",Middle class,no,not sure.,cultural
8/29/2021 23:36,8/29/2021 23:39,IP Address,23.117.240.246,100,193,TRUE,8/29/2021 23:39,R_2ePvhE8H7BKqiOH,,,,,29.64599609,-95.8022995,anonymous,EN,I do consent to participate,Reds,Not okay,"Very, very bad",,Somewhat similar,cake decorator,maybe cake decorator,,Give the ones talented enough a job as a baker.,create more jobs or access to jobs,Easy,Pretty easy,A little hard,"Reds,Blues","Cake decorater,Cleaner",Learning about Reds and Blues and answering questions about them,Please enter your age in years:,29,Male,,"White, Caucasian, or European American,Hispanic or Latino/a",,"Bachelor's (B.A., B.S.)",Working class,,,biological
8/29/2021 23:39,8/29/2021 23:47,IP Address,64.201.89.11,100,471,TRUE,8/29/2021 23:47,R_pRfLNSgtPuR6Glj,,,,,40.04179382,-79.4151001,anonymous,EN,I do consent to participate,Reds,Okay,,A little good,Somewhat different,cleaner,,maybe cleaner,find out why they can't go to school to decorate cakes,create more jobs or access to jobs,Hard,,,"Reds,Blues","Cake decorater,Cleaner",Learning about Reds and Blues and answering questions about them,Please enter your age in years:,39,Male,,"White, Caucasian, or European American",,Some college,Working class,,,structural
8/30/2021 0:57,8/30/2021 1:01,IP Address,75.128.34.142,100,216,TRUE,8/30/2021 1:01,R_3oMhLF854IYIy7x,,,,,33.86810303,-118.1831055,anonymous,EN,I do consent to participate,Reds,Not okay,Pretty bad,,Somewhat different,cake decorator,definitely cake decorator,,what i would want to do to have more blues decorate cakes is give them better equipment,provide job training/tools to group,Easy,A little easy,Pretty hard,"Reds,Blues","Cake decorater,Cleaner",Learning about Reds and Blues and answering questions about them,Please enter your age in years:,18,Male,,Hispanic or Latino/a,,High school/GED,Working class,,,structural
8/30/2021 4:25,8/30/2021 4:29,IP Address,68.204.203.77,100,211,TRUE,8/30/2021 4:29,R_2rT7ydhp1bqPu8R,,,,,28.52740479,-81.60119629,anonymous,EN,I do consent to participate,Reds,Okay,,Pretty good,Somewhat different,cleaner,,probably cleaner,have them go back to school and learn how to decorate cakes,provide job training/tools to group,Easy,Pretty easy,A little hard,"Reds,Blues","Cake decorater,Cleaner",Learning about Reds and Blues and answering questions about them,Please enter your age in years:,42,Male,,"Some other racial/ethnic identity, please specify:",carribean ,Some college,Middle class,no,decisions,biological
8/30/2021 4:29,8/30/2021 4:33,IP Address,68.251.38.141,100,235,TRUE,8/30/2021 4:33,R_PtSeNMLGipBV7Lb,,,,,27.69909668,-80.44429779,anonymous,EN,I do consent to participate,Reds,Not okay,Pretty bad,,Very different,cleaner,,definitely cleaner,Fire all the reds!,create more jobs or access to jobs,Easy,A little easy,Pretty hard,"Reds,Blues","Cake decorater,Cleaner",Learning about Reds and Blues and answering questions about them,Please enter your age in years:,37,Male,,"White, Caucasian, or European American",,High school/GED,Working class,,,cultural
8/30/2021 4:48,8/30/2021 4:52,IP Address,76.190.76.254,100,259,TRUE,8/30/2021 4:52,R_1mymNP9TVIuwZ0z,,,,,41.41360474,-81.90309906,anonymous,EN,I do consent to participate,Reds,Not okay,"Very, very bad",,Very similar,cake decorator,probably cake decorator,,boycott,other,Easy,Very easy,A little hard,"Reds,Blues","Cake decorater,Cleaner",Learning about Reds and Blues and answering questions about them,Please enter your age in years:,29,Male,,"White, Caucasian, or European American",,"Bachelor's (B.A., B.S.)",Middle class,,,biological
8/30/2021 4:50,8/30/2021 4:54,IP Address,70.189.159.156,100,224,TRUE,8/30/2021 4:54,R_2XoMqlzaNhhHLCk,,,,,36.24679565,-115.2182007,anonymous,EN,I do consent to participate,Reds,Not okay,"Very, very bad",,Equally similar and different,cake decorator,probably cake decorator,,Get rid of the rule that doesn't allow blue to learn how to decorate,create more jobs or access to jobs,Easy,A little easy,A little hard,"Reds,Blues","Cake decorater,Cleaner",Learning about Reds and Blues and answering questions about them,Please enter your age in years:,36,Male,,"White, Caucasian, or European American",,"Bachelor's (B.A., B.S.)",Middle class,no,To study how people feel about equality,structural
